Record Date,Country,Currency,Country - Currency Description,Exchange Rate,Effective Date,Source Line Number,Fiscal Year,Fiscal Quarter Number,Calendar Year,Calendar Quarter Number,Calendar Month Number,Calendar Day Number
2019-12-31,Afghanistan,Afghani,Afghanistan-Afghani,77.625,2019-12-31,1,2020,1,2019,4,12,31
2019-12-31,Albania,Lek,Albania-Lek,108.21,2019-12-31,2,2020,1,2019,4,12,31
2019-12-31,Algeria,Dinar,Algeria-Dinar,118.78,2019-12-31,3,2020,1,2019,4,12,31
2019-12-31,Angola,Kwanza,Angola-Kwanza,475.0,2019-12-31,4,2020,1,2019,4,12,31
2019-12-31,Antigua & Barbuda,E. Caribbean Dollar,Antigua & Barbuda-E. Caribbean Dollar,2.7,2019-12-31,5,2020,1,2019,4,12,31
2019-12-31,Argentina,Peso,Argentina-Peso,59.87,2019-12-31,6,2020,1,2019,4,12,31
2019-12-31,Armenia,Dram,Armenia-Dram,475.0,2019-12-31,7,2020,1,2019,4,12,31
2019-12-31,Australia,Dollar,Australia-Dollar,1.425,2019-12-31,8,2020,1,2019,4,12,31
2019-12-31,Austria,Euro,Austria-Euro,0.89,2019-12-31,9,2020,1,2019,4,12,31
2019-12-31,Azerbaijan,Manat,Azerbaijan-Manat,1.7,2019-12-31,10,2020,1,2019,4,12,31
2019-12-31,Bahamas,Dollar,Bahamas-Dollar,1.0,2019-12-31,11,2020,1,2019,4,12,31
2019-12-31,Bahrain,Dinar,Bahrain-Dinar,0.377,2019-12-31,12,2020,1,2019,4,12,31
2019-12-31,Bangladesh,Taka,Bangladesh-Taka,85.0,2019-12-31,13,2020,1,2019,4,12,31
2019-12-31,Barbados,Dollar,Barbados-Dollar,2.02,2019-12-31,14,2020,1,2019,4,12,31
2019-12-31,Belarus,New Ruble,Belarus-New Ruble,2.34,2019-12-31,15,2020,1,2019,4,12,31
2019-12-31,Belgium,Euro,Belgium-Euro,0.89,2019-12-31,16,2020,1,2019,4,12,31
2019-12-31,Belize,Dollar,Belize-Dollar,2.0,2019-12-31,17,2020,1,2019,4,12,31
2019-12-31,Benin,CFA Franc,Benin-CFA Franc,582.0,2019-12-31,18,2020,1,2019,4,12,31
2019-12-31,Bermuda,Dollar,Bermuda-Dollar,1.0,2019-12-31,19,2020,1,2019,4,12,31
2019-12-31,Bolivia,Boliviano,Bolivia-Boliviano,6.83,2019-12-31,20,2020,1,2019,4,12,31
2019-12-31,Bosnia,Marka,Bosnia-Marka,1.741,2019-12-31,21,2020,1,2019,4,12,31
2019-12-31,Botswana,Pula,Botswana-Pula,10.549,2019-12-31,22,2020,1,2019,4,12,31
2019-12-31,Brazil,Real,Brazil-Real,4.475,2019-12-31,23,2020,1,2019,4,12,31
2019-12-31,Brunei,Dollar,Brunei-Dollar,1.345,2019-12-31,24,2020,1,2019,4,12,31
2019-12-31,Bulgaria,Lev New,Bulgaria-Lev New,1.741,2019-12-31,25,2020,1,2019,4,12,31
2019-12-31,Burkina Faso,CFA Franc,Burkina Faso-CFA Franc,582.0,2019-12-31,26,2020,1,2019,4,12,31
2019-12-31,Burma,Kyat,Burma-Kyat,1475.0,2019-12-31,27,2020,1,2019,4,12,31
2019-12-31,Burundi,Franc,Burundi-Franc,1850.0,2019-12-31,28,2020,1,2019,4,12,31
2019-12-31,Cambodia,Riel,Cambodia-Riel,4051.0,2019-12-31,29,2020,1,2019,4,12,31
2019-12-31,Cameroon,CFA Franc,Cameroon-CFA Franc,578.12,2019-12-31,30,2020,1,2019,4,12,31
2019-12-31,Canada,Dollar,Canada-Dollar,1.3,2019-12-31,31,2020,1,2019,4,12,31
2019-12-31,Cape Verde,Escudo,Cape Verde-Escudo,99.291,2019-12-31,32,2020,1,2019,4,12,31
2019-12-31,Cayman Island,Dollar,Cayman Island-Dollar,0.82,2019-12-31,33,2020,1,2019,4,12,31
2019-12-31,Central African Rep.,CFA Franc,Central African Rep.-CFA Franc,578.12,2019-12-31,34,2020,1,2019,4,12,31
2019-12-31,Chad,CFA Franc,Chad-CFA Franc,578.12,2019-12-31,35,2020,1,2019,4,12,31
2019-12-31,Chile,Peso,Chile-Peso,851.71,2019-12-31,36,2020,1,2019,4,12,31
2019-12-31,China,Renminbi,China-Renminbi,6.961,2019-12-31,37,2020,1,2019,4,12,31
2019-12-31,Colombia,Peso,Colombia-Peso,4021.0,2019-12-31,38,2020,1,2019,4,12,31
2019-12-31,Comoros,Franc,Comoros-Franc,439.06,2019-12-31,39,2020,1,2019,4,12,31
2019-12-31,Congo,CFA Franc,Congo-CFA Franc,578.12,2019-12-31,40,2020,1,2019,4,12,31
2019-12-31,Costa Rica,Colon,Costa Rica-Colon,569.65,2019-12-31,41,2020,1,2019,4,12,31
2019-12-31,Cote D'ivoire,CFA Franc,Cote D'ivoire-CFA Franc,582.0,2019-12-31,42,2020,1,2019,4,12,31
2019-12-31,Croatia,KUNA,Croatia-KUNA,6.49,2019-12-31,43,2020,1,2019,4,12,31
2019-12-31,Cross Border,Euro,Cross Border-Euro,0.89,2019-12-31,44,2020,1,2019,4,12,31
2019-12-31,Cuba,Chavito,Cuba-Chavito,1.0,2019-12-31,45,2020,1,2019,4,12,31
2019-12-31,Cyprus,Euro,Cyprus-Euro,0.89,2019-12-31,46,2020,1,2019,4,12,31
2019-12-31,Czech. Republic,Koruna,Czech. Republic-Koruna,22.165,2019-12-31,47,2020,1,2019,4,12,31
2019-12-31,Dem. Rep. of Congo,Franc,Dem. Rep. of Congo-Franc,1650.0,2019-12-31,48,2020,1,2019,4,12,31
2019-12-31,Denmark,Krone,Denmark-Krone,6.652,2019-12-31,49,2020,1,2019,4,12,31
2019-12-31,Djibouti,Franc,Djibouti-Franc,177.0,2019-12-31,50,2020,1,2019,4,12,31
2019-12-31,Dominican Republic,Peso,Dominican Republic-Peso,52.66,2019-12-31,51,2020,1,2019,4,12,31
2019-12-31,Ecuador,Dolares,Ecuador-Dolares,1.0,2019-12-31,52,2020,1,2019,4,12,31
2019-12-31,Egypt,Pound,Egypt-Pound,16.0,2019-12-31,53,2020,1,2019,4,12,31
2019-12-31,El Salvador,Dollar,El Salvador-Dollar,1.0,2019-12-31,54,2020,1,2019,4,12,31
2019-12-31,Equatorial Guinea,CFA Franc,Equatorial Guinea-CFA Franc,578.12,2019-12-31,55,2020,1,2019,4,12,31
2019-12-31,Eritrea,Nakfa,Eritrea-Nakfa,15.0,2019-12-31,56,2020,1,2019,4,12,31
2019-12-31,Eritrea,Nakfa Salary Payment,Eritrea-Nakfa Salary Payment,15.0,2019-12-31,57,2020,1,2019,4,12,31
2019-12-31,Estonia,Euro,Estonia-Euro,0.89,2019-12-31,58,2020,1,2019,4,12,31
2019-12-31,Ethiopia,Birr,Ethiopia-Birr,31.8,2019-12-31,59,2020,1,2019,4,12,31
2019-12-31,Euro Zone,Euro,Euro Zone-Euro,0.89,2019-12-31,60,2020,1,2019,4,12,31
2019-12-31,Fiji,Dollar,Fiji-Dollar,2.142,2019-12-31,61,2020,1,2019,4,12,31
2019-12-31,Finland,Euro,Finland-Euro,0.89,2019-12-31,62,2020,1,2019,4,12,31
2019-12-31,France,Euro,France-Euro,0.89,2019-12-31,63,2020,1,2019,4,12,31
2019-12-31,Gabon,CFA Franc,Gabon-CFA Franc,578.12,2019-12-31,64,2020,1,2019,4,12,31
2019-12-31,Gambia,Dalasi,Gambia-Dalasi,51.0,2019-12-31,65,2020,1,2019,4,12,31
2019-12-31,Georgia,Lari,Georgia-Lari,2.87,2019-12-31,66,2020,1,2019,4,12,31
2019-12-31,Germany,Euro,Germany-Euro,0.89,2019-12-31,67,2020,1,2019,4,12,31
2019-12-31,Ghana,Cedi,Ghana-Cedi,5.66,2019-12-31,68,2020,1,2019,4,12,31
2019-12-31,Greece,Euro,Greece-Euro,0.89,2019-12-31,69,2020,1,2019,4,12,31
2019-12-31,Grenada,E.Caribbean Dollar,Grenada-E.Caribbean Dollar,2.7,2019-12-31,70,2020,1,2019,4,12,31
2019-12-31,Guatemala,Quetzal,Guatemala-Quetzal,7.69,2019-12-31,71,2020,1,2019,4,12,31
2019-12-31,Guinea,Franc,Guinea-Franc,9380.0,2019-12-31,73,2020,1,2019,4,12,31
2019-12-31,Guinea Bissau,CFA Franc,Guinea Bissau-CFA Franc,582.0,2019-12-31,72,2020,1,2019,4,12,31
2019-12-31,Guyana,Dollar,Guyana-Dollar,215.0,2019-12-31,74,2020,1,2019,4,12,31
2019-12-31,Haiti,Gourde,Haiti-Gourde,87.655,2019-12-31,75,2020,1,2019,4,12,31
2019-12-31,Honduras,Lempira,Honduras-Lempira,25.0,2019-12-31,76,2020,1,2019,4,12,31
2019-12-31,Hong Kong,Dollar,Hong Kong-Dollar,7.786,2019-12-31,77,2020,1,2019,4,12,31
2019-12-31,Hungary,Forint,Hungary-Forint,294.29,2019-12-31,78,2020,1,2019,4,12,31
2019-12-31,Iceland,Krona,Iceland-Krona,135.13,2019-12-31,79,2020,1,2019,4,12,31
2019-12-31,India,Rupee,India-Rupee,71.0,2019-12-31,80,2020,1,2019,4,12,31
2019-12-31,Indonesia,Rupiah,Indonesia-Rupiah,13895.0,2019-12-31,81,2020,1,2019,4,12,31
2019-12-31,Iran,Rial,Iran-Rial,42000.0,2019-12-31,82,2020,1,2019,4,12,31
2019-12-31,Iraq,Dinar,Iraq-Dinar,1138.0,2019-12-31,83,2020,1,2019,4,12,31
2019-12-31,Ireland,Euro,Ireland-Euro,0.89,2019-12-31,84,2020,1,2019,4,12,31
2019-12-31,Israel,Shekel,Israel-Shekel,3.454,2019-12-31,85,2020,1,2019,4,12,31
2019-12-31,Italy,Euro,Italy-Euro,0.89,2019-12-31,86,2020,1,2019,4,12,31
2019-12-31,Jamaica,Dollar,Jamaica-Dollar,136.0,2019-12-31,87,2020,1,2019,4,12,31
2019-12-31,Japan,Yen,Japan-Yen,108.53,2019-12-31,88,2020,1,2019,4,12,31
2019-12-31,Jerusalem,Shekel,Jerusalem-Shekel,3.454,2019-12-31,89,2020,1,2019,4,12,31
2019-12-31,Jordan,Dinar,Jordan-Dinar,0.708,2019-12-31,90,2020,1,2019,4,12,31
2019-12-31,Kazakhstan,Tenge,Kazakhstan-Tenge,381.18,2019-12-31,91,2020,1,2019,4,12,31
2019-12-31,Kenya,Shilling,Kenya-Shilling,101.25,2019-12-31,92,2020,1,2019,4,12,31
2019-12-31,Korea,Won,Korea-Won,1153.7,2019-12-31,93,2020,1,2019,4,12,31
2019-12-31,Kosovo,Euro,Kosovo-Euro,0.89,2019-12-31,94,2020,1,2019,4,12,31
2019-12-31,Kuwait,Dinar,Kuwait-Dinar,0.303,2019-12-31,95,2020,1,2019,4,12,31
2019-12-31,Kyrgyzstan,Som,Kyrgyzstan-Som,69.6,2019-12-31,96,2020,1,2019,4,12,31
2019-12-31,Laos,Kip,Laos-Kip,8865.0,2019-12-31,97,2020,1,2019,4,12,31
2019-12-31,Latvia,Euro,Latvia-Euro,0.89,2019-12-31,98,2020,1,2019,4,12,31
2019-12-31,Lebanon,Pound,Lebanon-Pound,1500.0,2019-12-31,99,2020,1,2019,4,12,31
2019-12-31,Lesotho,Maloti,Lesotho-Maloti,15.574,2019-12-31,100,2020,1,2019,4,12,31
2019-12-31,Liberia,Dollar,Liberia-Dollar,186.99,2019-12-31,101,2020,1,2019,4,12,31
2019-12-31,Libya,Dinar,Libya-Dinar,1.396,2019-12-31,102,2020,1,2019,4,12,31
2019-12-31,Lithuania,Euro,Lithuania-Euro,0.89,2019-12-31,103,2020,1,2019,4,12,31
2019-12-31,Luxembourg,Euro,Luxembourg-Euro,0.89,2019-12-31,104,2020,1,2019,4,12,31
2019-12-31,Madagascar,Ariary,Madagascar-Ariary,3627.2,2019-12-31,105,2020,1,2019,4,12,31
2019-12-31,Malawi,Kwacha,Malawi-Kwacha,760.0,2019-12-31,106,2020,1,2019,4,12,31
2019-12-31,Malaysia,Ringgit,Malaysia-Ringgit,4.089,2019-12-31,107,2020,1,2019,4,12,31
2019-12-31,Maldives,Rufiyaa,Maldives-Rufiyaa,15.42,2019-12-31,108,2020,1,2019,4,12,31
2019-12-31,Mali,CFA Franc,Mali-CFA Franc,582.0,2019-12-31,109,2020,1,2019,4,12,31
2019-12-31,Malta,Euro,Malta-Euro,0.89,2019-12-31,110,2020,1,2019,4,12,31
2019-12-31,Marshall Islands,U.S. Dollar,Marshall Islands-U.S. Dollar,1.0,2019-12-31,111,2020,1,2019,4,12,31
2019-12-31,Mauritania,Ouguiya,Mauritania-Ouguiya,37.0,2019-12-31,112,2020,1,2019,4,12,31
2019-12-31,Mauritius,Rupee,Mauritius-Rupee,36.2,2019-12-31,113,2020,1,2019,4,12,31
2019-12-31,Mexico,Peso,Mexico-Peso,22.491,2019-12-31,114,2020,1,2019,4,12,31
2019-12-31,Micronesia,U.S. Dollar,Micronesia-U.S. Dollar,1.0,2019-12-31,115,2020,1,2019,4,12,31
2019-12-31,Moldova,LEU,Moldova-LEU,17.1,2019-12-31,116,2020,1,2019,4,12,31
2019-12-31,Mongolia,Tugrik,Mongolia-Tugrik,2733.52,2019-12-31,117,2020,1,2019,4,12,31
2019-12-31,Montenegro,Euro,Montenegro-Euro,0.89,2019-12-31,118,2020,1,2019,4,12,31
2019-12-31,Morocco,Dirham,Morocco-Dirham,9.597,2019-12-31,119,2020,1,2019,4,12,31
2019-12-31,Mozambique,Metical,Mozambique-Metical,60.85,2019-12-31,120,2020,1,2019,4,12,31
2019-12-31,Nambia,Dollar,Nambia-Dollar,15.574,2019-12-31,121,2020,1,2019,4,12,31
2019-12-31,Nepal,Rupee,Nepal-Rupee,113.75,2019-12-31,122,2020,1,2019,4,12,31
2019-12-31,Netherland,Euro,Netherland-Euro,0.89,2019-12-31,123,2020,1,2019,4,12,31
2019-12-31,Netherlands Antilles,Guilder,Netherlands Antilles-Guilder,1.78,2019-12-31,124,2020,1,2019,4,12,31
2019-12-31,New Zealand,Dollar,New Zealand-Dollar,1.65,2019-12-31,125,2020,1,2019,4,12,31
2019-12-31,Nicaragua,Cordoba,Nicaragua-Cordoba,33.8,2019-12-31,126,2020,1,2019,4,12,31
2019-12-31,Niger,CFA Franc,Niger-CFA Franc,582.0,2019-12-31,127,2020,1,2019,4,12,31
2019-12-31,Nigeria,Naira,Nigeria-Naira,361.0,2019-12-31,128,2020,1,2019,4,12,31
2019-12-31,Norway,Krone,Norway-Krone,10.243,2019-12-31,129,2020,1,2019,4,12,31
2019-12-31,Oman,Rial,Oman-Rial,0.385,2019-12-31,130,2020,1,2019,4,12,31
2019-12-31,Pakistan,Rupee,Pakistan-Rupee,154.85,2019-12-31,131,2020,1,2019,4,12,31
2019-12-31,Panama,Balboa,Panama-Balboa,1.0,2019-12-31,132,2020,1,2019,4,12,31
2019-12-31,Panama,Dolares,Panama-Dolares,1.0,2019-12-31,133,2020,1,2019,4,12,31
2019-12-31,Papua New Guinea,Kina,Papua New Guinea-Kina,3.311,2019-12-31,134,2020,1,2019,4,12,31
2019-12-31,Paraguay,Guarani,Paraguay-Guarani,6442.3301,2019-12-31,135,2020,1,2019,4,12,31
2019-12-31,Peru,Sol,Peru-Sol,3.314,2019-12-31,136,2020,1,2019,4,12,31
2019-12-31,Philippines,Peso,Philippines-Peso,50.64,2019-12-31,137,2020,1,2019,4,12,31
2019-12-31,Poland,Zloty,Poland-Zloty,3.789,2019-12-31,138,2020,1,2019,4,12,31
2019-12-31,Portugal,Euro,Portugal-Euro,0.89,2019-12-31,139,2020,1,2019,4,12,31
2019-12-31,Qatar,Riyal,Qatar-Riyal,3.64,2019-12-31,140,2020,1,2019,4,12,31
2019-12-31,Rep. of N Macedonia,Dinar,Rep. of N Macedonia-Dinar,54.76,2019-12-31,141,2020,1,2019,4,12,31
2019-12-31,Republic of Palau,Dollar,Republic of Palau-Dollar,1.0,2019-12-31,142,2020,1,2019,4,12,31
2019-12-31,Romania,New Leu,Romania-New Leu,4.256,2019-12-31,143,2020,1,2019,4,12,31
2019-12-31,Russia,Ruble,Russia-Ruble,74.938,2019-12-31,144,2020,1,2019,4,12,31
2019-12-31,Rwanda,Franc,Rwanda-Franc,925.0,2019-12-31,145,2020,1,2019,4,12,31
2019-12-31,Sao Tome & Principe,New Dobras,Sao Tome & Principe-New Dobras,22.122,2019-12-31,146,2020,1,2019,4,12,31
2019-12-31,Saudi Arabia,Riyal,Saudi Arabia-Riyal,3.75,2019-12-31,147,2020,1,2019,4,12,31
2019-12-31,Senegal,CFA Franc,Senegal-CFA Franc,582.0,2019-12-31,148,2020,1,2019,4,12,31
2019-12-31,Serbia,Dinar,Serbia-Dinar,104.92,2019-12-31,149,2020,1,2019,4,12,31
2019-12-31,Seychelles,Rupee,Seychelles-Rupee,13.62,2019-12-31,150,2020,1,2019,4,12,31
2019-12-31,Sierra Leone,Leone,Sierra Leone-Leone,9639.5898,2019-12-31,151,2020,1,2019,4,12,31
2019-12-31,Singapore,Dollar,Singapore-Dollar,1.345,2019-12-31,152,2020,1,2019,4,12,31
2019-12-31,Slovakia,Euro,Slovakia-Euro,0.89,2019-12-31,153,2020,1,2019,4,12,31
2019-12-31,Slovenia,Euro,Slovenia-Euro,0.89,2019-12-31,154,2020,1,2019,4,12,31
2019-12-31,Solomon Islands,Dollar,Solomon Islands-Dollar,8.065,2019-12-31,155,2020,1,2019,4,12,31
2019-12-31,Somali,Shilling,Somali-Shilling,575.0,2019-12-31,156,2020,1,2019,4,12,31
2019-12-31,South,Sudanese-Pound,South-Sudanese-Pound,160.0,2019-12-31,158,2020,1,2019,4,12,31
2019-12-31,South Africa,Rand,South Africa-Rand,15.574,2019-12-31,157,2020,1,2019,4,12,31
2019-12-31,Spain,Euro,Spain-Euro,0.89,2019-12-31,159,2020,1,2019,4,12,31
2019-12-31,Sri Lanka,Rupee,Sri Lanka-Rupee,181.3,2019-12-31,160,2020,1,2019,4,12,31
2019-12-31,St. Lucia,E. Caribbean Dollar,St. Lucia-E. Caribbean Dollar,2.7,2019-12-31,161,2020,1,2019,4,12,31
2019-12-31,Sudan,Pound,Sudan-Pound,51.5,2019-12-31,162,2020,1,2019,4,12,31
2019-12-31,Suriname,Dollar,Suriname-Dollar,7.52,2019-12-31,163,2020,1,2019,4,12,31
2019-12-31,Swaziland,Langeni,Swaziland-Langeni,15.574,2019-12-31,164,2020,1,2019,4,12,31
2019-12-31,Sweden,Krona,Sweden-Krona,9.301,2019-12-31,165,2020,1,2019,4,12,31
2019-12-31,Switzerland,Franc,Switzerland-Franc,0.966,2019-12-31,166,2020,1,2019,4,12,31
2019-12-31,Syria,Pound,Syria-Pound,435.0,2019-12-31,167,2020,1,2019,4,12,31
2019-12-31,Taiwan,Dollar,Taiwan-Dollar,29.942,2019-12-31,168,2020,1,2019,4,12,31
2019-12-31,Tajikistan,Somoni,Tajikistan-Somoni,9.65,2019-12-31,169,2020,1,2019,4,12,31
2019-12-31,Tanzania,Shilling,Tanzania-Shilling,2293.0,2019-12-31,170,2020,1,2019,4,12,31
2019-12-31,Thailand,Baht,Thailand-Baht,29.77,2019-12-31,171,2020,1,2019,4,12,31
2019-12-31,Timor,Leste-Dili,Timor-Leste-Dili,1.0,2019-12-31,172,2020,1,2019,4,12,31
2019-12-31,Togo,CFA Franc,Togo-CFA Franc,582.0,2019-12-31,173,2020,1,2019,4,12,31
2019-12-31,Tonga,Pa'anga,Tonga-Pa'anga,2.209,2019-12-31,174,2020,1,2019,4,12,31
2019-12-31,Trinidad & Tobago,Dollar,Trinidad & Tobago-Dollar,6.697,2019-12-31,175,2020,1,2019,4,12,31
2019-12-31,Tunisia,Dinar,Tunisia-Dinar,2.772,2019-12-31,176,2020,1,2019,4,12,31
2019-12-31,Turkey,New Lira,Turkey-New Lira,5.942,2019-12-31,177,2020,1,2019,4,12,31
2019-12-31,Turkmenistan,New Manat,Turkmenistan-New Manat,3.491,2019-12-31,178,2020,1,2019,4,12,31
2019-12-31,Uganda,Shilling,Uganda-Shilling,3660.0,2019-12-31,179,2020,1,2019,4,12,31
2019-12-31,Ukraine,Hryvnia,Ukraine-Hryvnia,26.6,2019-12-31,180,2020,1,2019,4,12,31
2019-12-31,United Arab Emirates,Dirham,United Arab Emirates-Dirham,3.673,2019-12-31,181,2020,1,2019,4,12,31
2019-12-31,United Kingdom,Pound,United Kingdom-Pound,0.758,2019-12-31,182,2020,1,2019,4,12,31
2019-12-31,Uruguay,Peso,Uruguay-Peso,43.41,2019-12-31,183,2020,1,2019,4,12,31
2019-12-31,Uzbekistan,Som,Uzbekistan-Som,9500.0,2019-12-31,184,2020,1,2019,4,12,31
2019-12-31,Vanuatu,Vatu,Vanuatu-Vatu,112.8,2019-12-31,185,2020,1,2019,4,12,31
2019-12-31,Venezuela,Bolivar Soberano,Venezuela-Bolivar Soberano,70675.74,2019-12-31,186,2020,1,2019,4,12,31
2019-12-31,Venezuela,Fuerte (OLD),Venezuela-Fuerte (OLD),248832.0,2019-12-31,187,2020,1,2019,4,12,31
2019-12-31,Vietnam,Dong,Vietnam-Dong,23171.0,2019-12-31,188,2020,1,2019,4,12,31
2019-12-31,Western Samoa,Tala,Western Samoa-Tala,2.537,2019-12-31,189,2020,1,2019,4,12,31
2019-12-31,Yemen,Rial,Yemen-Rial,480.0,2019-12-31,190,2020,1,2019,4,12,31
2019-12-31,Zambia,New Kwacha,Zambia-New Kwacha,16.09,2019-12-31,191,2020,1,2019,4,12,31
2019-12-31,Zimbabwe,RTGS,Zimbabwe-RTGS,16.28,2019-12-31,192,2020,1,2019,4,12,31
2019-09-30,AFGHANISTAN,AFGHANI,AFGHANISTAN-AFGHANI,77.53,2019-09-30,1,2019,4,2019,3,09,30
2019-09-30,ALBANIA,LEK,ALBANIA-LEK,111.35,2019-09-30,2,2019,4,2019,3,09,30
2019-09-30,ALGERIA,DINAR,ALGERIA-DINAR,120.43,2019-09-30,3,2019,4,2019,3,09,30
2019-09-30,ANGOLA,KWANZA,ANGOLA-KWANZA,365.0,2019-09-30,4,2019,4,2019,3,09,30
2019-09-30,ANTIGUA,BARBUDA-E. CARIBBEAN DOLLAR,ANTIGUA-BARBUDA-E. CARIBBEAN DOLLAR,2.7,2019-09-30,5,2019,4,2019,3,09,30
2019-09-30,ARGENTINA,PESO,ARGENTINA-PESO,57.32,2019-09-30,6,2019,4,2019,3,09,30
2019-09-30,ARMENIA,DRAM,ARMENIA-DRAM,475.0,2019-09-30,7,2019,4,2019,3,09,30
2019-09-30,AUSTRALIA,DOLLAR,AUSTRALIA-DOLLAR,1.481,2019-09-30,8,2019,4,2019,3,09,30
2019-09-30,AUSTRIA,EURO,AUSTRIA-EURO,0.917,2019-09-30,9,2019,4,2019,3,09,30
2019-09-30,AZERBAIJAN,NEW MANAT,AZERBAIJAN-NEW MANAT,1.7,2019-09-30,10,2019,4,2019,3,09,30
2019-09-30,BAHAMAS,DOLLAR,BAHAMAS-DOLLAR,1.0,2019-09-30,11,2019,4,2019,3,09,30
2019-09-30,BAHRAIN,DINAR,BAHRAIN-DINAR,0.377,2019-09-30,12,2019,4,2019,3,09,30
2019-09-30,BANGLADESH,TAKA,BANGLADESH-TAKA,84.0,2019-09-30,13,2019,4,2019,3,09,30
2019-09-30,BARBADOS,DOLLAR,BARBADOS-DOLLAR,2.02,2019-09-30,14,2019,4,2019,3,09,30
2019-09-30,BELARUS,NEW RUBLE,BELARUS-NEW RUBLE,2.074,2019-09-30,15,2019,4,2019,3,09,30
2019-09-30,BELGIUM,EURO,BELGIUM-EURO,0.917,2019-09-30,16,2019,4,2019,3,09,30
2019-09-30,BELIZE,DOLLAR,BELIZE-DOLLAR,2.0,2019-09-30,17,2019,4,2019,3,09,30
2019-09-30,BENIN,CFA FRANC,BENIN-CFA FRANC,596.0,2019-09-30,18,2019,4,2019,3,09,30
2019-09-30,BERMUDA,DOLLAR,BERMUDA-DOLLAR,1.0,2019-09-30,19,2019,4,2019,3,09,30
2019-09-30,BOLIVIA,BOLIVIANO,BOLIVIA-BOLIVIANO,6.84,2019-09-30,20,2019,4,2019,3,09,30
2019-09-30,BOSNIA,MARKA,BOSNIA-MARKA,1.794,2019-09-30,21,2019,4,2019,3,09,30
2019-09-30,BOTSWANA,PULA,BOTSWANA-PULA,11.001,2019-09-30,22,2019,4,2019,3,09,30
2019-09-30,BRAZIL,REAL,BRAZIL-REAL,4.159,2019-09-30,23,2019,4,2019,3,09,30
2019-09-30,BRUNEI,DOLLAR,BRUNEI-DOLLAR,1.383,2019-09-30,24,2019,4,2019,3,09,30
2019-09-30,BULGARIA,LEV New,BULGARIA-LEV New,1.794,2019-09-30,25,2019,4,2019,3,09,30
2019-09-30,BURKINA FASO,CFA FRANC,BURKINA FASO-CFA FRANC,596.0,2019-09-30,26,2019,4,2019,3,09,30
2019-09-30,BURMA,KYAT,BURMA-KYAT,1520.0,2019-09-30,27,2019,4,2019,3,09,30
2019-09-30,BURUNDI,FRANC,BURUNDI-FRANC,1810.0,2019-09-30,28,2019,4,2019,3,09,30
2019-09-30,CAMBODIA (KHMER),RIEL,CAMBODIA (KHMER)-RIEL,4051.0,2019-09-30,29,2019,4,2019,3,09,30
2019-09-30,CAMEROON,CFA FRANC,CAMEROON-CFA FRANC,618.63,2019-09-30,30,2019,4,2019,3,09,30
2019-09-30,CANADA,DOLLAR,CANADA-DOLLAR,1.325,2019-09-30,31,2019,4,2019,3,09,30
2019-09-30,CAPE VERDE,ESCUDO,CAPE VERDE-ESCUDO,99.291,2019-09-30,32,2019,4,2019,3,09,30
2019-09-30,CAYMAN ISLANDS,DOLLAR,CAYMAN ISLANDS-DOLLAR,0.82,2019-09-30,33,2019,4,2019,3,09,30
2019-09-30,CENTRAL AFRICAN REPUBLIC,CFA FRANC,CENTRAL AFRICAN REPUBLIC-CFA FRANC,618.63,2019-09-30,34,2019,4,2019,3,09,30
2019-09-30,CHAD,CFA FRANC,CHAD-CFA FRANC,618.63,2019-09-30,35,2019,4,2019,3,09,30
2019-09-30,CHILE,PESO,CHILE-PESO,728.1,2019-09-30,36,2019,4,2019,3,09,30
2019-09-30,CHINA,RENMINBI,CHINA-RENMINBI,7.143,2019-09-30,37,2019,4,2019,3,09,30
2019-09-30,COLOMBIA,PESO,COLOMBIA-PESO,3455.55,2019-09-30,38,2019,4,2019,3,09,30
2019-09-30,COMOROS,FRANC,COMOROS-FRANC,448.8,2019-09-30,39,2019,4,2019,3,09,30
2019-09-30,CONGO,CFA FRANC,CONGO-CFA FRANC,618.63,2019-09-30,40,2019,4,2019,3,09,30
2019-09-30,COSTA RICA,COLON,COSTA RICA-COLON,579.9,2019-09-30,41,2019,4,2019,3,09,30
2019-09-30,COTE D'IVOIRE,CFA FRANC,COTE D'IVOIRE-CFA FRANC,596.0,2019-09-30,42,2019,4,2019,3,09,30
2019-09-30,CROATIA,KUNA,CROATIA-KUNA,6.62,2019-09-30,43,2019,4,2019,3,09,30
2019-09-30,CUBA,Chavito,CUBA-Chavito,1.0,2019-09-30,44,2019,4,2019,3,09,30
2019-09-30,CYPRUS,EURO,CYPRUS-EURO,0.917,2019-09-30,45,2019,4,2019,3,09,30
2019-09-30,CZECH REPUBLIC,KORUNA,CZECH REPUBLIC-KORUNA,23.054,2019-09-30,46,2019,4,2019,3,09,30
2019-09-30,Cross Border,Euro,Cross Border-Euro,0.917,2019-09-30,47,2019,4,2019,3,09,30
2019-09-30,DEMOCRATIC REPUBLIC OF CONGO,FRANC,DEMOCRATIC REPUBLIC OF CONGO-FRANC,1650.0,2019-09-30,48,2019,4,2019,3,09,30
2019-09-30,DENMARK,KRONE,DENMARK-KRONE,6.851,2019-09-30,49,2019,4,2019,3,09,30
2019-09-30,DJIBOUTI,FRANC,DJIBOUTI-FRANC,177.0,2019-09-30,50,2019,4,2019,3,09,30
2019-09-30,DOMINICAN REPUBLIC,PESO,DOMINICAN REPUBLIC-PESO,51.89,2019-09-30,51,2019,4,2019,3,09,30
2019-09-30,ECUADOR,DOLARES,ECUADOR-DOLARES,1.0,2019-09-30,52,2019,4,2019,3,09,30
2019-09-30,EGYPT,POUND,EGYPT-POUND,16.265,2019-09-30,53,2019,4,2019,3,09,30
2019-09-30,EL SALVADOR,DOLARES,EL SALVADOR-DOLARES,1.0,2019-09-30,54,2019,4,2019,3,09,30
2019-09-30,EQUATORIAL GUINEA,CFA FRANC,EQUATORIAL GUINEA-CFA FRANC,618.63,2019-09-30,55,2019,4,2019,3,09,30
2019-09-30,ERITREA,NAKFA,ERITREA-NAKFA,15.0,2019-09-30,56,2019,4,2019,3,09,30
2019-09-30,ESTONIA,EURO,ESTONIA-EURO,0.917,2019-09-30,57,2019,4,2019,3,09,30
2019-09-30,ETHIOPIA,BIRR,ETHIOPIA-BIRR,29.28,2019-09-30,58,2019,4,2019,3,09,30
2019-09-30,EURO ZONE,EURO,EURO ZONE-EURO,0.917,2019-09-30,59,2019,4,2019,3,09,30
2019-09-30,FIJI,DOLLAR,FIJI-DOLLAR,2.161,2019-09-30,60,2019,4,2019,3,09,30
2019-09-30,FINLAND,EURO,FINLAND-EURO,0.917,2019-09-30,61,2019,4,2019,3,09,30
2019-09-30,FRANCE,EURO,FRANCE-EURO,0.917,2019-09-30,62,2019,4,2019,3,09,30
2019-09-30,GABON,CFA FRANC,GABON-CFA FRANC,618.63,2019-09-30,63,2019,4,2019,3,09,30
2019-09-30,GAMBIA,DALASI,GAMBIA-DALASI,50.0,2019-09-30,64,2019,4,2019,3,09,30
2019-09-30,GEORGIA,LARI,GEORGIA-LARI,2.97,2019-09-30,65,2019,4,2019,3,09,30
2019-09-30,GERMANY,EURO,GERMANY EURO,0.917,2019-09-30,66,2019,4,2019,3,09,30
2019-09-30,GHANA,CEDI,GHANA-CEDI,5.42,2019-09-30,67,2019,4,2019,3,09,30
2019-09-30,GREECE,EURO,GREECE-EURO,0.917,2019-09-30,68,2019,4,2019,3,09,30
2019-09-30,GRENADA,EAST CARIBBEAN DOLLAR,GRENADA-EAST CARIBBEAN DOLLAR,2.7,2019-09-30,69,2019,4,2019,3,09,30
2019-09-30,GUATEMALA,QUETZAL,GUATEMALA-QUETZAL,7.72,2019-09-30,70,2019,4,2019,3,09,30
2019-09-30,GUINEA,FRANC,GUINEA-FRANC,9230.0,2019-09-30,72,2019,4,2019,3,09,30
2019-09-30,GUINEA BISSAU,CFA FRANC,GUINEA BISSAU-CFA FRANC,596.0,2019-09-30,71,2019,4,2019,3,09,30
2019-09-30,GUYANA,DOLLAR,GUYANA-DOLLAR,215.0,2019-09-30,73,2019,4,2019,3,09,30
2019-09-30,HAITI,GOURDE,HAITI-GOURDE,93.654,2019-09-30,74,2019,4,2019,3,09,30
2019-09-30,HONDURAS,LEMPIRA,HONDURAS-LEMPIRA,25.0,2019-09-30,75,2019,4,2019,3,09,30
2019-09-30,HONG KONG,DOLLAR,HONG KONG-DOLLAR,7.84,2019-09-30,76,2019,4,2019,3,09,30
2019-09-30,HUNGARY,FORINT,HUNGARY-FORINT,307.06,2019-09-30,77,2019,4,2019,3,09,30
2019-09-30,ICELAND,KRONA,ICELAND-KRONA,123.82,2019-09-30,78,2019,4,2019,3,09,30
2019-09-30,INDIA,RUPEE,INDIA-RUPEE,70.2,2019-09-30,79,2019,4,2019,3,09,30
2019-09-30,INDONESIA,RUPIAH,INDONESIA-RUPIAH,14115.0,2019-09-30,80,2019,4,2019,3,09,30
2019-09-30,IRAN,RIAL,IRAN-RIAL,42000.0,2019-09-30,81,2019,4,2019,3,09,30
2019-09-30,IRAQ,DINAR,IRAQ-DINAR,1138.0,2019-09-30,82,2019,4,2019,3,09,30
2019-09-30,IRELAND,EURO,IRELAND-EURO,0.917,2019-09-30,83,2019,4,2019,3,09,30
2019-09-30,ISRAEL,SHEKEL,ISRAEL-SHEKEL,3.475,2019-09-30,84,2019,4,2019,3,09,30
2019-09-30,ITALY,EURO,ITALY-EURO,0.917,2019-09-30,85,2019,4,2019,3,09,30
2019-09-30,JAMAICA,DOLLAR,JAMAICA-DOLLAR,136.0,2019-09-30,86,2019,4,2019,3,09,30
2019-09-30,JAPAN,YEN,JAPAN-YEN,108.02,2019-09-30,87,2019,4,2019,3,09,30
2019-09-30,JERUSALEM,SHEKEL,JERUSALEM-SHEKEL,3.475,2019-09-30,88,2019,4,2019,3,09,30
2019-09-30,JORDAN,DINAR,JORDAN-DINAR,0.708,2019-09-30,89,2019,4,2019,3,09,30
2019-09-30,KAZAKHSTAN,TENGE,KAZAKHSTAN-TENGE,387.63,2019-09-30,90,2019,4,2019,3,09,30
2019-09-30,KENYA,SHILLING,KENYA-SHILLING,103.75,2019-09-30,91,2019,4,2019,3,09,30
2019-09-30,KOREA,WON,KOREA-WON,1198.2,2019-09-30,92,2019,4,2019,3,09,30
2019-09-30,KOSOVO,EURO,KOSOVO-EURO,0.917,2019-09-30,93,2019,4,2019,3,09,30
2019-09-30,KUWAIT,DINAR,KUWAIT-DINAR,0.304,2019-09-30,94,2019,4,2019,3,09,30
2019-09-30,KYRGYZSTAN,SOM,KYRGYZSTAN-SOM,69.8,2019-09-30,95,2019,4,2019,3,09,30
2019-09-30,LAOS,KIP,LAOS-KIP,8810.0,2019-09-30,96,2019,4,2019,3,09,30
2019-09-30,LATVIA,EURO,LATVIA-EURO,0.917,2019-09-30,97,2019,4,2019,3,09,30
2019-09-30,LEBANON,POUND,LEBANON-POUND,1500.0,2019-09-30,98,2019,4,2019,3,09,30
2019-09-30,LESOTHO,SOUTH AFRICAN RAND,LESOTHO-SOUTH AFRICAN RAND,15.195,2019-09-30,99,2019,4,2019,3,09,30
2019-09-30,LIBERIA,DOLLAR,LIBERIA-DOLLAR,208.44,2019-09-30,100,2019,4,2019,3,09,30
2019-09-30,LIBYA,DINAR,LIBYA-DINAR,1.413,2019-09-30,101,2019,4,2019,3,09,30
2019-09-30,LITHUANIA,EURO,LITHUANIA-EURO,0.917,2019-09-30,102,2019,4,2019,3,09,30
2019-09-30,LUXEMBOURG,EURO,LUXEMBOURG-EURO,0.917,2019-09-30,103,2019,4,2019,3,09,30
2019-09-30,MADAGASCAR,Ariary,MADAGASCAR-Ariary,3734.6,2019-09-30,104,2019,4,2019,3,09,30
2019-09-30,MALAWI,KWACHA,MALAWI-KWACHA,760.0,2019-09-30,105,2019,4,2019,3,09,30
2019-09-30,MALAYSIA,RINGGIT,MALAYSIA-RINGGIT,4.185,2019-09-30,106,2019,4,2019,3,09,30
2019-09-30,MALDIVES,RUFIYAA,MALDIVES-RUFIYAA,15.42,2019-09-30,107,2019,4,2019,3,09,30
2019-09-30,MALI,CFA FRANC,MALI-CFA FRANC,596.0,2019-09-30,108,2019,4,2019,3,09,30
2019-09-30,MALTA,EURO,MALTA-EURO,0.917,2019-09-30,109,2019,4,2019,3,09,30
2019-09-30,MARSHALLS ISLANDS,DOLLAR,MARSHALLS ISLANDS-DOLLAR,1.0,2019-09-30,110,2019,4,2019,3,09,30
2019-09-30,MAURITANIA,OUGUIYA,MAURITANIA-OUGUIYA,36.0,2019-09-30,111,2019,4,2019,3,09,30
2019-09-30,MAURITIUS,RUPEE,MAURITIUS-RUPEE,36.1,2019-09-30,112,2019,4,2019,3,09,30
2019-09-30,MEXICO,PESO,MEXICO-PESO,19.725,2019-09-30,113,2019,4,2019,3,09,30
2019-09-30,MICRONESIA,DOLLAR,MICRONESIA-DOLLAR,1.0,2019-09-30,114,2019,4,2019,3,09,30
2019-09-30,MOLDOVA,LEU,MOLDOVA-LEU,17.66,2019-09-30,115,2019,4,2019,3,09,30
2019-09-30,MONGOLIA,TUGRIK,MONGOLIA-TUGRIK,2667.6399,2019-09-30,116,2019,4,2019,3,09,30
2019-09-30,MONTENEGRO,EURO,MONTENEGRO-EURO,0.917,2019-09-30,117,2019,4,2019,3,09,30
2019-09-30,MOROCCO,DIRHAM,MOROCCO-DIRHAM,9.74,2019-09-30,118,2019,4,2019,3,09,30
2019-09-30,MOZAMBIQUE,METICAL,MOZAMBIQUE-METICAL,61.3,2019-09-30,119,2019,4,2019,3,09,30
2019-09-30,NAMIBIA,DOLLAR,NAMIBIA-DOLLAR,15.195,2019-09-30,120,2019,4,2019,3,09,30
2019-09-30,NEPAL,RUPEE,NEPAL-RUPEE,113.15,2019-09-30,121,2019,4,2019,3,09,30
2019-09-30,NETHERLANDS,EURO,NETHERLANDS-EURO,0.917,2019-09-30,123,2019,4,2019,3,09,30
2019-09-30,NETHERLANDS ANTILLES,GUILDER,NETHERLANDS ANTILLES-GUILDER,1.78,2019-09-30,122,2019,4,2019,3,09,30
2019-09-30,NEW ZEALAND,DOLLAR,NEW ZEALAND-DOLLAR,1.595,2019-09-30,124,2019,4,2019,3,09,30
2019-09-30,NICARAGUA,CORDOBA,NICARAGUA-CORDOBA,33.45,2019-09-30,125,2019,4,2019,3,09,30
2019-09-30,NIGER,CFA FRANC,NIGER-CFA FRANC,596.0,2019-09-30,126,2019,4,2019,3,09,30
2019-09-30,NIGERIA,NAIRA,NIGERIA-NAIRA,361.0,2019-09-30,127,2019,4,2019,3,09,30
2019-09-30,NORWAY,KRONE,NORWAY-KRONE,9.088,2019-09-30,128,2019,4,2019,3,09,30
2019-09-30,OMAN,RIAL,OMAN-RIAL,0.385,2019-09-30,129,2019,4,2019,3,09,30
2019-09-30,PAKISTAN,RUPEE,PAKISTAN-RUPEE,156.0,2019-09-30,130,2019,4,2019,3,09,30
2019-09-30,PALAU,DOLLAR,PALAU-DOLLAR,1.0,2019-09-30,131,2019,4,2019,3,09,30
2019-09-30,PANAMA,BALBOA,PANAMA-BALBOA,1.0,2019-09-30,132,2019,4,2019,3,09,30
2019-09-30,PAPUA NEW GUINEA,KINA,PAPUA NEW GUINEA-KINA,3.317,2019-09-30,133,2019,4,2019,3,09,30
2019-09-30,PARAGUAY,GUARANI,PARAGUAY-GUARANI,6378.6099,2019-09-30,134,2019,4,2019,3,09,30
2019-09-30,PERU,SOL,PERU-SOL,3.38,2019-09-30,135,2019,4,2019,3,09,30
2019-09-30,PHILIPPINES,PESO,PHILIPPINES-PESO,51.901,2019-09-30,136,2019,4,2019,3,09,30
2019-09-30,POLAND,ZLOTY,POLAND-ZLOTY,4.015,2019-09-30,137,2019,4,2019,3,09,30
2019-09-30,PORTUGAL,EURO,PORTUGAL-EURO,0.917,2019-09-30,138,2019,4,2019,3,09,30
2019-09-30,QATAR,RIYAL,QATAR-RIYAL,3.642,2019-09-30,139,2019,4,2019,3,09,30
2019-09-30,ROMANIA,NEW LEU,ROMANIA-NEW LEU,4.357,2019-09-30,140,2019,4,2019,3,09,30
2019-09-30,RUSSIA,RUBLE,RUSSIA-RUBLE,64.965,2019-09-30,141,2019,4,2019,3,09,30
2019-09-30,RWANDA,FRANC,RWANDA-FRANC,910.0,2019-09-30,142,2019,4,2019,3,09,30
2019-09-30,Rep. of N Macedonia,Dinar,Rep. of N Macedonia-Dinar,56.24,2019-09-30,143,2019,4,2019,3,09,30
2019-09-30,Republic of Palau,Dollar,Republic of Palau-Dollar,1.0,2019-09-30,144,2019,4,2019,3,09,30
2019-09-30,SAO TOME & PRINCIPE,NEW DOBRAS,SAO TOME & PRINCIPE-NEW DOBRAS,22.31,2019-09-30,145,2019,4,2019,3,09,30
2019-09-30,SAUDI ARABIA,RIYAL,SAUDI ARABIA-RIYAL,3.75,2019-09-30,146,2019,4,2019,3,09,30
2019-09-30,SENEGAL,CFA FRANC,SENEGAL-CFA FRANC,596.0,2019-09-30,147,2019,4,2019,3,09,30
2019-09-30,SERBIA,DINAR,SERBIA-DINAR,107.43,2019-09-30,148,2019,4,2019,3,09,30
2019-09-30,SEYCHELLES,RUPEE,SEYCHELLES-RUPEE,13.62,2019-09-30,149,2019,4,2019,3,09,30
2019-09-30,SIERRA LEONE,LEONE,SIERRA LEONE-LEONE,9348.0,2019-09-30,150,2019,4,2019,3,09,30
2019-09-30,SINGAPORE,DOLLAR,SINGAPORE-DOLLAR,1.383,2019-09-30,151,2019,4,2019,3,09,30
2019-09-30,SLOVAK REPUBLIC,EURO,SLOVAK REPUBLIC-EURO,0.917,2019-09-30,152,2019,4,2019,3,09,30
2019-09-30,SLOVENIA,EURO,SLOVENIA-EURO,0.917,2019-09-30,153,2019,4,2019,3,09,30
2019-09-30,SOLOMON ISLANDS,DOLLAR,SOLOMON ISLANDS-DOLLAR,7.752,2019-09-30,154,2019,4,2019,3,09,30
2019-09-30,SOMALI,SHILLING,SOMALI-SHILLING,575.0,2019-09-30,155,2019,4,2019,3,09,30
2019-09-30,SOUTH AFRICA,RAND,SOUTH AFRICA-RAND,15.195,2019-09-30,156,2019,4,2019,3,09,30
2019-09-30,SOUTH SUDANESE,POUND,SOUTH SUDANESE-POUND,159.82,2019-09-30,157,2019,4,2019,3,09,30
2019-09-30,SPAIN,EURO,SPAIN-EURO,0.917,2019-09-30,158,2019,4,2019,3,09,30
2019-09-30,SRI LANKA,RUPEE,SRI LANKA-RUPEE,182.0,2019-09-30,159,2019,4,2019,3,09,30
2019-09-30,ST LUCIA,EC DOLLAR,ST LUCIA-EC DOLLAR,2.7,2019-09-30,160,2019,4,2019,3,09,30
2019-09-30,SUDAN,SUDANESE POUND,SUDAN-SUDANESE POUND,45.0,2019-09-30,161,2019,4,2019,3,09,30
2019-09-30,SURINAME,GUILDER,SURINAME-GUILDER,7.52,2019-09-30,162,2019,4,2019,3,09,30
2019-09-30,SWAZILAND,LILANGENI,SWAZILAND-LILANGENI,15.195,2019-09-30,163,2019,4,2019,3,09,30
2019-09-30,SWEDEN,KRONA,SWEDEN-KRONA,9.818,2019-09-30,164,2019,4,2019,3,09,30
2019-09-30,SWITZERLAND,FRANC,SWITZERLAND-FRANC,0.997,2019-09-30,165,2019,4,2019,3,09,30
2019-09-30,SYRIA,POUND,SYRIA-POUND,435.0,2019-09-30,166,2019,4,2019,3,09,30
2019-09-30,TAIWAN,DOLLAR,TAIWAN-DOLLAR,31.052,2019-09-30,167,2019,4,2019,3,09,30
2019-09-30,TAJIKISTAN,SOMONI,TAJIKISTAN-SOMONI,9.65,2019-09-30,168,2019,4,2019,3,09,30
2019-09-30,TANZANIA,SHILLING,TANZANIA-SHILLING,2293.0,2019-09-30,169,2019,4,2019,3,09,30
2019-09-30,THAILAND,BAHT,THAILAND-BAHT,30.6,2019-09-30,170,2019,4,2019,3,09,30
2019-09-30,TIMOR,LESTE DILI,TIMOR-LESTE DILI,1.0,2019-09-30,171,2019,4,2019,3,09,30
2019-09-30,TOGO,CFA FRANC,TOGO-CFA FRANC,596.0,2019-09-30,172,2019,4,2019,3,09,30
2019-09-30,TONGA,PA'ANGA,TONGA-PA'ANGA,2.222,2019-09-30,173,2019,4,2019,3,09,30
2019-09-30,TRINIDAD & TOBAGO,DOLLAR,TRINIDAD & TOBAGO-DOLLAR,6.711,2019-09-30,174,2019,4,2019,3,09,30
2019-09-30,TUNISIA,DINAR,TUNISIA-DINAR,2.857,2019-09-30,175,2019,4,2019,3,09,30
2019-09-30,TURKEY,New LIRA,TURKEY-New LIRA,5.647,2019-09-30,176,2019,4,2019,3,09,30
2019-09-30,TURKMENISTAN,NEW MANAT,TURKMENISTAN-NEW MANAT,3.491,2019-09-30,177,2019,4,2019,3,09,30
2019-09-30,UGANDA,SHILLING,UGANDA-SHILLING,3678.0,2019-09-30,178,2019,4,2019,3,09,30
2019-09-30,UKRAINE,HRYVNIA,UKRAINE-HRYVNIA,24.31,2019-09-30,179,2019,4,2019,3,09,30
2019-09-30,UNITED ARAB EMIRATES,DIRHAM,UNITED ARAB EMIRATES-DIRHAM,3.673,2019-09-30,180,2019,4,2019,3,09,30
2019-09-30,UNITED KINGDOM,POUND STERLING,UNITED KINGDOM-POUND STERLING,0.812,2019-09-30,181,2019,4,2019,3,09,30
2019-09-30,URUGUAY,PESO,URUGUAY-PESO,36.84,2019-09-30,182,2019,4,2019,3,09,30
2019-09-30,UZBEKISTAN,SOM,UZBEKISTAN-SOM,9400.0,2019-09-30,183,2019,4,2019,3,09,30
2019-09-30,VANUATU,VATU,VANUATU-VATU,115.34,2019-09-30,184,2019,4,2019,3,09,30
2019-09-30,VENEZUELA,BOLIVAR-FUERTE,VENEZUELA-BOLIVAR-FUERTE,248832.0,2019-09-30,185,2019,4,2019,3,09,30
2019-09-30,VENEZUELA,BOLIVAR-SOBERANO,VENEZUELA-BOLIVAR-SOBERANO,21028.08,2019-09-30,186,2019,4,2019,3,09,30
2019-09-30,VIETNAM,DONG,VIETNAM-DONG,23200.0,2019-09-30,187,2019,4,2019,3,09,30
2019-09-30,WESTERN SAMOA,TALA,WESTERN SAMOA-TALA,2.543,2019-09-30,188,2019,4,2019,3,09,30
2019-09-30,YEMEN,RIAL,YEMEN-RIAL,480.0,2019-09-30,189,2019,4,2019,3,09,30
2019-09-30,ZAMBIA,NEW KWACHA,ZAMBIA-NEW KWACHA,13.115,2019-09-30,190,2019,4,2019,3,09,30
2019-09-30,ZIMBABWE,DOLLAR,ZIMBABWE-DOLLAR,0.0,2019-09-30,191,2019,4,2019,3,09,30
2019-09-30,ZIMBABWE,RTGS,ZIMBABWE-RTGS,14.67,2019-09-30,192,2019,4,2019,3,09,30
2019-06-30,AFGHANISTAN,AFGHANI,AFGHANISTAN-AFGHANI,79.912,2019-06-30,1,2019,3,2019,2,06,30
2019-06-30,ALBANIA,LEK,ALBANIA-LEK,107.6,2019-06-30,2,2019,3,2019,2,06,30
2019-06-30,ALGERIA,DINAR,ALGERIA-DINAR,118.571,2019-06-30,3,2019,3,2019,2,06,30
2019-06-30,ANGOLA,KWANZA,ANGOLA-KWANZA,340.0,2019-06-30,4,2019,3,2019,2,06,30
2019-06-30,ANTIGUA,BARBUDA-E. CARIBBEAN DOLLAR,ANTIGUA-BARBUDA-E. CARIBBEAN DOLLAR,2.7,2019-06-30,5,2019,3,2019,2,06,30
2019-06-30,ARGENTINA,PESO,ARGENTINA-PESO,42.69,2019-06-30,6,2019,3,2019,2,06,30
2019-06-30,ARMENIA,DRAM,ARMENIA-DRAM,480.0,2019-06-30,7,2019,3,2019,2,06,30
2019-06-30,AUSTRALIA,DOLLAR,AUSTRALIA-DOLLAR,1.427,2019-06-30,8,2019,3,2019,2,06,30
2019-06-30,AUSTRIA,EURO,AUSTRIA-EURO,0.879,2019-06-30,9,2019,3,2019,2,06,30
2019-06-30,AZERBAIJAN,NEW MANAT,AZERBAIJAN-NEW MANAT,1.7,2019-06-30,10,2019,3,2019,2,06,30
2019-06-30,BAHAMAS,DOLLAR,BAHAMAS-DOLLAR,1.0,2019-06-30,11,2019,3,2019,2,06,30
2019-06-30,BAHRAIN,DINAR,BAHRAIN-DINAR,0.377,2019-06-30,12,2019,3,2019,2,06,30
2019-06-30,BANGLADESH,TAKA,BANGLADESH-TAKA,84.0,2019-06-30,13,2019,3,2019,2,06,30
2019-06-30,BARBADOS,DOLLAR,BARBADOS-DOLLAR,2.02,2019-06-30,14,2019,3,2019,2,06,30
2019-06-30,BELARUS,NEW RUBLE,BELARUS-NEW RUBLE,2.02,2019-06-30,15,2019,3,2019,2,06,30
2019-06-30,BELGIUM,EURO,BELGIUM-EURO,0.879,2019-06-30,16,2019,3,2019,2,06,30
2019-06-30,BELIZE,DOLLAR,BELIZE-DOLLAR,2.0,2019-06-30,17,2019,3,2019,2,06,30
2019-06-30,BENIN,CFA FRANC,BENIN-CFA FRANC,573.5,2019-06-30,18,2019,3,2019,2,06,30
2019-06-30,BERMUDA,DOLLAR,BERMUDA-DOLLAR,1.0,2019-06-30,19,2019,3,2019,2,06,30
2019-06-30,BOLIVIA,BOLIVIANO,BOLIVIA-BOLIVIANO,6.86,2019-06-30,20,2019,3,2019,2,06,30
2019-06-30,BOSNIA,MARKA,BOSNIA-MARKA,1.72,2019-06-30,21,2019,3,2019,2,06,30
2019-06-30,BOTSWANA,PULA,BOTSWANA-PULA,10.582,2019-06-30,22,2019,3,2019,2,06,30
2019-06-30,BRAZIL,REAL,BRAZIL-REAL,3.819,2019-06-30,23,2019,3,2019,2,06,30
2019-06-30,BRUNEI,DOLLAR,BRUNEI-DOLLAR,1.353,2019-06-30,24,2019,3,2019,2,06,30
2019-06-30,BULGARIA,LEV,BULGARIA-LEV,1.72,2019-06-30,25,2019,3,2019,2,06,30
2019-06-30,BURKINA FASO,CFA FRANC,BURKINA FASO-CFA FRANC,573.5,2019-06-30,26,2019,3,2019,2,06,30
2019-06-30,BURMA,KYAT,BURMA-KYAT,1508.0,2019-06-30,27,2019,3,2019,2,06,30
2019-06-30,BURUNDI,FRANC,BURUNDI-FRANC,1810.0,2019-06-30,28,2019,3,2019,2,06,30
2019-06-30,CAMBODIA (KHMER),RIEL,CAMBODIA (KHMER)-RIEL,4051.0,2019-06-30,29,2019,3,2019,2,06,30
2019-06-30,CAMEROON,CFA FRANC,CAMEROON-CFA FRANC,576.1,2019-06-30,30,2019,3,2019,2,06,30
2019-06-30,CANADA,DOLLAR,CANADA-DOLLAR,1.309,2019-06-30,31,2019,3,2019,2,06,30
2019-06-30,CAPE VERDE,ESCUDO,CAPE VERDE-ESCUDO,97.045,2019-06-30,32,2019,3,2019,2,06,30
2019-06-30,CAYMAN ISLANDS,DOLLAR,CAYMAN ISLANDS-DOLLAR,0.82,2019-06-30,33,2019,3,2019,2,06,30
2019-06-30,CENTRAL AFRICAN REPUBLIC,CFA FRANC,CENTRAL AFRICAN REPUBLIC-CFA FRANC,576.1,2019-06-30,34,2019,3,2019,2,06,30
2019-06-30,CHAD,CFA FRANC,CHAD-CFA FRANC,576.1,2019-06-30,35,2019,3,2019,2,06,30
2019-06-30,CHILE,PESO,CHILE-PESO,678.8,2019-06-30,36,2019,3,2019,2,06,30
2019-06-30,CHINA,RENMINBI,CHINA-RENMINBI,6.869,2019-06-30,37,2019,3,2019,2,06,30
2019-06-30,COLOMBIA,PESO,COLOMBIA-PESO,3196.15,2019-06-30,38,2019,3,2019,2,06,30
2019-06-30,COMOROS,FRANC,COMOROS-FRANC,433.02,2019-06-30,39,2019,3,2019,2,06,30
2019-06-30,CONGO,CFA FRANC,CONGO-CFA FRANC,576.1,2019-06-30,40,2019,3,2019,2,06,30
2019-06-30,COSTA RICA,COLON,COSTA RICA-COLON,581.3,2019-06-30,41,2019,3,2019,2,06,30
2019-06-30,COTE D'IVOIRE,CFA FRANC,COTE D'IVOIRE-CFA FRANC,573.5,2019-06-30,42,2019,3,2019,2,06,30
2019-06-30,CROATIA,KUNA,CROATIA-KUNA,6.35,2019-06-30,43,2019,3,2019,2,06,30
2019-06-30,CUBA,PESO,CUBA-PESO,1.0,2019-06-30,44,2019,3,2019,2,06,30
2019-06-30,CYPRUS,EURO,CYPRUS-EURO,0.829,2019-06-30,45,2019,3,2019,2,06,30
2019-06-30,CZECH REPUBLIC,KORUNA,CZECH REPUBLIC-KORUNA,21.829,2019-06-30,46,2019,3,2019,2,06,30
2019-06-30,DEMOCRATIC REPUBLIC OF CONGO,FRANC,DEMOCRATIC REPUBLIC OF CONGO-FRANC,1650.0,2019-06-30,47,2019,3,2019,2,06,30
2019-06-30,DENMARK,KRONE,DENMARK-KRONE,6.562,2019-06-30,48,2019,3,2019,2,06,30
2019-06-30,DJIBOUTI,FRANC,DJIBOUTI-FRANC,177.0,2019-06-30,49,2019,3,2019,2,06,30
2019-06-30,DOMINICAN REPUBLIC,PESO,DOMINICAN REPUBLIC-PESO,50.45,2019-06-30,50,2019,3,2019,2,06,30
2019-06-30,ECUADOR,DOLARES,ECUADOR-DOLARES,1.0,2019-06-30,51,2019,3,2019,2,06,30
2019-06-30,EGYPT,POUND,EGYPT-POUND,16.66,2019-06-30,52,2019,3,2019,2,06,30
2019-06-30,EL SALVADOR,DOLARES,EL SALVADOR-DOLARES,1.0,2019-06-30,53,2019,3,2019,2,06,30
2019-06-30,EQUATORIAL GUINEA,CFA FRANC,EQUATORIAL GUINEA-CFA FRANC,576.1,2019-06-30,54,2019,3,2019,2,06,30
2019-06-30,ERITREA,NAKFA,ERITREA-NAKFA,15.0,2019-06-30,55,2019,3,2019,2,06,30
2019-06-30,ESTONIA,EURO,ESTONIA-EURO,0.879,2019-06-30,56,2019,3,2019,2,06,30
2019-06-30,ETHIOPIA,BIRR,ETHIOPIA-BIRR,28.9,2019-06-30,57,2019,3,2019,2,06,30
2019-06-30,EURO ZONE,EURO,EURO ZONE-EURO,0.879,2019-06-30,58,2019,3,2019,2,06,30
2019-06-30,FIJI,DOLLAR,FIJI-DOLLAR,2.105,2019-06-30,59,2019,3,2019,2,06,30
2019-06-30,FINLAND,EURO,FINLAND-EURO,0.879,2019-06-30,60,2019,3,2019,2,06,30
2019-06-30,FRANCE,EURO,FRANCE-EURO,0.879,2019-06-30,61,2019,3,2019,2,06,30
2019-06-30,GABON,CFA FRANC,GABON-CFA FRANC,576.1,2019-06-30,62,2019,3,2019,2,06,30
2019-06-30,GAMBIA,DALASI,GAMBIA-DALASI,50.0,2019-06-30,63,2019,3,2019,2,06,30
2019-06-30,GEORGIA,LARI,GEORGIA-LARI,2.88,2019-06-30,64,2019,3,2019,2,06,30
2019-06-30,GERMANY,EURO,GERMANY EURO,0.879,2019-06-30,65,2019,3,2019,2,06,30
2019-06-30,GHANA,CEDI,GHANA-CEDI,5.41,2019-06-30,66,2019,3,2019,2,06,30
2019-06-30,GREECE,EURO,GREECE-EURO,0.879,2019-06-30,67,2019,3,2019,2,06,30
2019-06-30,GRENADA,EAST CARIBBEAN DOLLAR,GRENADA-EAST CARIBBEAN DOLLAR,2.7,2019-06-30,68,2019,3,2019,2,06,30
2019-06-30,GUATEMALA,QUETZAL,GUATEMALA-QUETZAL,7.69,2019-06-30,69,2019,3,2019,2,06,30
2019-06-30,GUINEA,FRANC,GUINEA-FRANC,9154.0,2019-06-30,71,2019,3,2019,2,06,30
2019-06-30,GUINEA BISSAU,CFA FRANC,GUINEA BISSAU-CFA FRANC,573.5,2019-06-30,70,2019,3,2019,2,06,30
2019-06-30,GUYANA,DOLLAR,GUYANA-DOLLAR,215.0,2019-06-30,72,2019,3,2019,2,06,30
2019-06-30,HAITI,GOURDE,HAITI-GOURDE,93.157,2019-06-30,73,2019,3,2019,2,06,30
2019-06-30,HONDURAS,LEMPIRA,HONDURAS-LEMPIRA,25.0,2019-06-30,74,2019,3,2019,2,06,30
2019-06-30,HONG KONG,DOLLAR,HONG KONG-DOLLAR,7.809,2019-06-30,75,2019,3,2019,2,06,30
2019-06-30,HUNGARY,FORINT,HUNGARY-FORINT,284.2,2019-06-30,76,2019,3,2019,2,06,30
2019-06-30,ICELAND,KRONA,ICELAND-KRONA,124.52,2019-06-30,77,2019,3,2019,2,06,30
2019-06-30,INDIA,RUPEE,INDIA-RUPEE,68.6,2019-06-30,78,2019,3,2019,2,06,30
2019-06-30,INDONESIA,RUPIAH,INDONESIA-RUPIAH,14115.0,2019-06-30,79,2019,3,2019,2,06,30
2019-06-30,IRAN,RIAL,IRAN-RIAL,42000.0,2019-06-30,80,2019,3,2019,2,06,30
2019-06-30,IRAQ,DINAR,IRAQ-DINAR,1138.0,2019-06-30,81,2019,3,2019,2,06,30
2019-06-30,IRELAND,EURO,IRELAND-EURO,0.879,2019-06-30,82,2019,3,2019,2,06,30
2019-06-30,ISRAEL,SHEKEL,ISRAEL-SHEKEL,3.567,2019-06-30,83,2019,3,2019,2,06,30
2019-06-30,ITALY,EURO,ITALY-EURO,0.879,2019-06-30,84,2019,3,2019,2,06,30
2019-06-30,JAMAICA,DOLLAR,JAMAICA-DOLLAR,132.0,2019-06-30,85,2019,3,2019,2,06,30
2019-06-30,JAPAN,YEN,JAPAN-YEN,107.73,2019-06-30,86,2019,3,2019,2,06,30
2019-06-30,JERUSALEM,SHEKEL,JERUSALEM-SHEKEL,3.567,2019-06-30,87,2019,3,2019,2,06,30
2019-06-30,JORDAN,DINAR,JORDAN-DINAR,0.708,2019-06-30,88,2019,3,2019,2,06,30
2019-06-30,KAZAKHSTAN,TENGE,KAZAKHSTAN-TENGE,379.85,2019-06-30,89,2019,3,2019,2,06,30
2019-06-30,KENYA,SHILLING,KENYA-SHILLING,102.24,2019-06-30,90,2019,3,2019,2,06,30
2019-06-30,KOREA,WON,KOREA-WON,1154.45,2019-06-30,91,2019,3,2019,2,06,30
2019-06-30,KOSOVO,EURO,KOSOVO-EURO,0.879,2019-06-30,92,2019,3,2019,2,06,30
2019-06-30,KUWAIT,DINAR,KUWAIT-DINAR,0.303,2019-06-30,93,2019,3,2019,2,06,30
2019-06-30,KYRGYZSTAN,SOM,KYRGYZSTAN-SOM,69.6,2019-06-30,94,2019,3,2019,2,06,30
2019-06-30,LAOS,KIP,LAOS-KIP,8645.0,2019-06-30,95,2019,3,2019,2,06,30
2019-06-30,LATVIA,EURO,LATVIA-EURO,0.879,2019-06-30,96,2019,3,2019,2,06,30
2019-06-30,LEBANON,POUND,LEBANON-POUND,1500.0,2019-06-30,97,2019,3,2019,2,06,30
2019-06-30,LESOTHO,SOUTH AFRICAN RAND,LESOTHO-SOUTH AFRICAN RAND,14.168,2019-06-30,98,2019,3,2019,2,06,30
2019-06-30,LIBERIA,DOLLAR,LIBERIA-DOLLAR,195.3,2019-06-30,99,2019,3,2019,2,06,30
2019-06-30,LIBYA,DINAR,LIBYA-DINAR,1.388,2019-06-30,100,2019,3,2019,2,06,30
2019-06-30,LITHUANIA,EURO,LITHUANIA-EURO,0.879,2019-06-30,101,2019,3,2019,2,06,30
2019-06-30,LUXEMBOURG,EURO,LUXEMBOURG-EURO,0.879,2019-06-30,102,2019,3,2019,2,06,30
2019-06-30,MACEDONIA FYROM,DENAR(ARIARY),MACEDONIA FYROM-DENAR(ARIARY),53.96,2019-06-30,103,2019,3,2019,2,06,30
2019-06-30,MADAGASCAR,FRANC,MADAGASCAR-FRANC,3591.4,2019-06-30,104,2019,3,2019,2,06,30
2019-06-30,MALAWI,KWACHA,MALAWI-KWACHA,789.0,2019-06-30,105,2019,3,2019,2,06,30
2019-06-30,MALAYSIA,RINGGIT,MALAYSIA-RINGGIT,4.13,2019-06-30,106,2019,3,2019,2,06,30
2019-06-30,MALDIVES,RUFIYAA,MALDIVES-RUFIYAA,15.42,2019-06-30,107,2019,3,2019,2,06,30
2019-06-30,MALI,CFA FRANC,MALI-CFA FRANC,573.5,2019-06-30,108,2019,3,2019,2,06,30
2019-06-30,MALTA,EURO,MALTA-EURO,0.879,2019-06-30,109,2019,3,2019,2,06,30
2019-06-30,MARSHALLS ISLANDS,DOLLAR,MARSHALLS ISLANDS-DOLLAR,1.0,2019-06-30,110,2019,3,2019,2,06,30
2019-06-30,MARTINIQUE,EURO,MARTINIQUE-EURO,0.879,2019-06-30,111,2019,3,2019,2,06,30
2019-06-30,MAURITANIA,OUGUIYA,MAURITANIA-OUGUIYA,36.0,2019-06-30,112,2019,3,2019,2,06,30
2019-06-30,MAURITIUS,RUPEE,MAURITIUS-RUPEE,35.5,2019-06-30,113,2019,3,2019,2,06,30
2019-06-30,MEXICO,PESO,MEXICO-PESO,19.175,2019-06-30,114,2019,3,2019,2,06,30
2019-06-30,MICRONESIA,DOLLAR,MICRONESIA-DOLLAR,1.0,2019-06-30,115,2019,3,2019,2,06,30
2019-06-30,MOLDOVA,LEU,MOLDOVA-LEU,18.0,2019-06-30,116,2019,3,2019,2,06,30
2019-06-30,MONGOLIA,TUGRIK,MONGOLIA-TUGRIK,2657.51,2019-06-30,117,2019,3,2019,2,06,30
2019-06-30,MONTENEGRO,EURO,MONTENEGRO-EURO,0.879,2019-06-30,118,2019,3,2019,2,06,30
2019-06-30,MOROCCO,DIRHAM,MOROCCO-DIRHAM,9.576,2019-06-30,119,2019,3,2019,2,06,30
2019-06-30,MOZAMBIQUE,METICAL,MOZAMBIQUE-METICAL,61.5,2019-06-30,120,2019,3,2019,2,06,30
2019-06-30,NAMIBIA,DOLLAR,NAMIBIA-DOLLAR,14.168,2019-06-30,121,2019,3,2019,2,06,30
2019-06-30,NEPAL,RUPEE,NEPAL-RUPEE,110.55,2019-06-30,122,2019,3,2019,2,06,30
2019-06-30,NETHERLANDS,EURO,NETHERLANDS-EURO,0.879,2019-06-30,124,2019,3,2019,2,06,30
2019-06-30,NETHERLANDS ANTILLES,GUILDER,NETHERLANDS ANTILLES-GUILDER,1.78,2019-06-30,123,2019,3,2019,2,06,30
2019-06-30,NEW ZEALAND,DOLLAR,NEW ZEALAND-DOLLAR,1.491,2019-06-30,125,2019,3,2019,2,06,30
2019-06-30,NICARAGUA,CORDOBA,NICARAGUA-CORDOBA,33.05,2019-06-30,126,2019,3,2019,2,06,30
2019-06-30,NIGER,CFA FRANC,NIGER-CFA FRANC,573.5,2019-06-30,127,2019,3,2019,2,06,30
2019-06-30,NIGERIA,NAIRA,NIGERIA-NAIRA,361.0,2019-06-30,128,2019,3,2019,2,06,30
2019-06-30,NORWAY,KRONE,NORWAY-KRONE,8.52,2019-06-30,129,2019,3,2019,2,06,30
2019-06-30,OMAN,RIAL,OMAN-RIAL,0.385,2019-06-30,130,2019,3,2019,2,06,30
2019-06-30,PAKISTAN,RUPEE,PAKISTAN-RUPEE,157.5,2019-06-30,131,2019,3,2019,2,06,30
2019-06-30,PALAU,DOLLAR,PALAU-DOLLAR,1.0,2019-06-30,132,2019,3,2019,2,06,30
2019-06-30,PANAMA,BALBOA,PANAMA-BALBOA,1.0,2019-06-30,133,2019,3,2019,2,06,30
2019-06-30,PAPUA NEW GUINEA,KINA,PAPUA NEW GUINEA-KINA,3.3,2019-06-30,134,2019,3,2019,2,06,30
2019-06-30,PARAGUAY,GUARANI,PARAGUAY-GUARANI,6184.35,2019-06-30,135,2019,3,2019,2,06,30
2019-06-30,PERU,NUEVO SOL,PERU-NUEVO SOL,3.289,2019-06-30,136,2019,3,2019,2,06,30
2019-06-30,PHILIPPINES,PESO,PHILIPPINES-PESO,51.346,2019-06-30,137,2019,3,2019,2,06,30
2019-06-30,POLAND,ZLOTY,POLAND-ZLOTY,3.737,2019-06-30,138,2019,3,2019,2,06,30
2019-06-30,PORTUGAL,EURO,PORTUGAL-EURO,0.879,2019-06-30,139,2019,3,2019,2,06,30
2019-06-30,QATAR,RIYAL,QATAR-RIYAL,3.641,2019-06-30,140,2019,3,2019,2,06,30
2019-06-30,ROMANIA,NEW LEU,ROMANIA-NEW LEU,4.162,2019-06-30,141,2019,3,2019,2,06,30
2019-06-30,RUSSIA,RUBLE,RUSSIA-RUBLE,62.091,2019-06-30,142,2019,3,2019,2,06,30
2019-06-30,RWANDA,FRANC,RWANDA-FRANC,910.0,2019-06-30,143,2019,3,2019,2,06,30
2019-06-30,SAO TOME & PRINCIPE,NEW DOBRAS,SAO TOME & PRINCIPE-NEW DOBRAS,21.563,2019-06-30,144,2019,3,2019,2,06,30
2019-06-30,SAO TOME & PRINCIPE,DOBRAS,SAO TOME & PRINCIPE-DOBRAS,21.563,2019-06-30,145,2019,3,2019,2,06,30
2019-06-30,SAUDI ARABIA,RIYAL,SAUDI ARABIA-RIYAL,3.75,2019-06-30,146,2019,3,2019,2,06,30
2019-06-30,SENEGAL,CFA FRANC,SENEGAL-CFA FRANC,573.5,2019-06-30,147,2019,3,2019,2,06,30
2019-06-30,SERBIA,DINAR,SERBIA-DINAR,103.77,2019-06-30,148,2019,3,2019,2,06,30
2019-06-30,SEYCHELLES,RUPEE,SEYCHELLES-RUPEE,13.54,2019-06-30,149,2019,3,2019,2,06,30
2019-06-30,SIERRA LEONE,LEONE,SIERRA LEONE-LEONE,9046.0,2019-06-30,150,2019,3,2019,2,06,30
2019-06-30,SINGAPORE,DOLLAR,SINGAPORE-DOLLAR,1.353,2019-06-30,151,2019,3,2019,2,06,30
2019-06-30,SLOVAK REPUBLIC,EURO,SLOVAK REPUBLIC-EURO,0.879,2019-06-30,152,2019,3,2019,2,06,30
2019-06-30,SLOVENIA,EURO,SLOVENIA-EURO,0.879,2019-06-30,153,2019,3,2019,2,06,30
2019-06-30,SOLOMON ISLANDS,DOLLAR,SOLOMON ISLANDS-DOLLAR,7.752,2019-06-30,154,2019,3,2019,2,06,30
2019-06-30,SOMALI,SHILLING,SOMALI-SHILLING,575.0,2019-06-30,155,2019,3,2019,2,06,30
2019-06-30,SOUTH AFRICA,RAND,SOUTH AFRICA-RAND,14.168,2019-06-30,156,2019,3,2019,2,06,30
2019-06-30,SOUTH SUDANESE,POUND,SOUTH SUDANESE-POUND,158.66,2019-06-30,157,2019,3,2019,2,06,30
2019-06-30,SPAIN,EURO,SPAIN-EURO,0.879,2019-06-30,158,2019,3,2019,2,06,30
2019-06-30,SRI LANKA,RUPEE,SRI LANKA-RUPEE,176.4,2019-06-30,159,2019,3,2019,2,06,30
2019-06-30,ST LUCIA,EC DOLLAR,ST LUCIA-EC DOLLAR,2.7,2019-06-30,160,2019,3,2019,2,06,30
2019-06-30,SUDAN,SUDANESE POUND,SUDAN-SUDANESE POUND,45.0,2019-06-30,161,2019,3,2019,2,06,30
2019-06-30,SURINAME,GUILDER,SURINAME-GUILDER,7.52,2019-06-30,162,2019,3,2019,2,06,30
2019-06-30,SWAZILAND,LILANGENI,SWAZILAND-LILANGENI,14.168,2019-06-30,163,2019,3,2019,2,06,30
2019-06-30,SWEDEN,KRONA,SWEDEN-KRONA,9.284,2019-06-30,164,2019,3,2019,2,06,30
2019-06-30,SWITZERLAND,FRANC,SWITZERLAND-FRANC,0.976,2019-06-30,165,2019,3,2019,2,06,30
2019-06-30,SYRIA,POUND,SYRIA-POUND,515.0,2019-06-30,166,2019,3,2019,2,06,30
2019-06-30,TAIWAN,DOLLAR,TAIWAN-DOLLAR,31.004,2019-06-30,167,2019,3,2019,2,06,30
2019-06-30,TAJIKISTAN,SOMONI,TAJIKISTAN-SOMONI,9.4,2019-06-30,168,2019,3,2019,2,06,30
2019-06-30,TANZANIA,SHILLING,TANZANIA-SHILLING,2293.0,2019-06-30,169,2019,3,2019,2,06,30
2019-06-30,THAILAND,BAHT,THAILAND-BAHT,30.67,2019-06-30,170,2019,3,2019,2,06,30
2019-06-30,TIMOR,LESTE DILI,TIMOR-LESTE DILI,1.0,2019-06-30,171,2019,3,2019,2,06,30
2019-06-30,TOGO,CFA FRANC,TOGO-CFA FRANC,573.5,2019-06-30,172,2019,3,2019,2,06,30
2019-06-30,TONGA,PA'ANGA,TONGA-PA'ANGA,2.177,2019-06-30,173,2019,3,2019,2,06,30
2019-06-30,TRINIDAD & TOBAGO,DOLLAR,TRINIDAD & TOBAGO-DOLLAR,6.711,2019-06-30,174,2019,3,2019,2,06,30
2019-06-30,TUNISIA,DINAR,TUNISIA-DINAR,2.883,2019-06-30,175,2019,3,2019,2,06,30
2019-06-30,TURKEY,LIRA,TURKEY-LIRA,5.755,2019-06-30,176,2019,3,2019,2,06,30
2019-06-30,TURKMENISTAN,NEW MANAT,TURKMENISTAN-NEW MANAT,3.491,2019-06-30,177,2019,3,2019,2,06,30
2019-06-30,UGANDA,SHILLING,UGANDA-SHILLING,3690.0,2019-06-30,178,2019,3,2019,2,06,30
2019-06-30,UKRAINE,HRYVNIA,UKRAINE-HRYVNIA,26.145,2019-06-30,179,2019,3,2019,2,06,30
2019-06-30,UNITED ARAB EMIRATES,DIRHAM,UNITED ARAB EMIRATES-DIRHAM,3.673,2019-06-30,180,2019,3,2019,2,06,30
2019-06-30,UNITED KINGDOM,POUND STERLING,UNITED KINGDOM-POUND STERLING,0.788,2019-06-30,181,2019,3,2019,2,06,30
2019-06-30,URUGUAY,PESO,URUGUAY-PESO,35.21,2019-06-30,182,2019,3,2019,2,06,30
2019-06-30,UZBEKISTAN,SOM,UZBEKISTAN-SOM,8540.0,2019-06-30,183,2019,3,2019,2,06,30
2019-06-30,VANUATU,VATU,VANUATU-VATU,112.21,2019-06-30,184,2019,3,2019,2,06,30
2019-06-30,VENEZUELA,BOLIVAR-FUERTE,VENEZUELA-BOLIVAR-FUERTE,248832.0,2019-06-30,185,2019,3,2019,2,06,30
2019-06-30,VENEZUELA,BOLIVAR-SOBERANO,VENEZUELA-BOLIVAR-SOBERANO,6346.65,2019-06-30,186,2019,3,2019,2,06,30
2019-06-30,VIETNAM,DONG,VIETNAM-DONG,23300.0,2019-06-30,187,2019,3,2019,2,06,30
2019-06-30,WESTERN SAMOA,TALA,WESTERN SAMOA-TALA,2.541,2019-06-30,188,2019,3,2019,2,06,30
2019-06-30,YEMEN,RIAL,YEMEN-RIAL,480.0,2019-06-30,189,2019,3,2019,2,06,30
2019-06-30,ZAMBIA,NEW KWACHA,ZAMBIA-NEW KWACHA,12.81,2019-06-30,190,2019,3,2019,2,06,30
2019-06-30,ZIMBABWE,DOLLAR,ZIMBABWE-DOLLAR,1.0,2019-06-30,191,2019,3,2019,2,06,30
2019-06-30,ZIMBABWE,RTGS,ZIMBABWE-RTGS,6.382,2019-06-30,192,2019,3,2019,2,06,30
2019-03-31,AFGHANISTAN,AFGHANI,AFGHANISTAN-AFGHANI,74.78,2019-03-31,1,2019,2,2019,1,03,31
2019-03-31,ALBANIA,LEK,ALBANIA-LEK,111.24,2019-03-31,2,2019,2,2019,1,03,31
2019-03-31,ALGERIA,DINAR,ALGERIA-DINAR,119.06,2019-03-31,3,2019,2,2019,1,03,31
2019-03-31,ANGOLA,KWANZA,ANGOLA-KWANZA,310.0,2019-03-31,4,2019,2,2019,1,03,31
2019-03-31,ANTIGUA,BARBUDA-E. CARIBBEAN DOLLAR,ANTIGUA-BARBUDA-E. CARIBBEAN DOLLAR,2.7,2019-03-31,5,2019,2,2019,1,03,31
2019-03-31,ARGENTINA,PESO,ARGENTINA-PESO,43.591,2019-03-31,6,2019,2,2019,1,03,31
2019-03-31,ARMENIA,DRAM,ARMENIA-DRAM,485.0,2019-03-31,7,2019,2,2019,1,03,31
2019-03-31,AUSTRALIA,DOLLAR,AUSTRALIA-DOLLAR,1.409,2019-03-31,8,2019,2,2019,1,03,31
2019-03-31,AUSTRIA,EURO,AUSTRIA-EURO,0.89,2019-03-31,9,2019,2,2019,1,03,31
2019-03-31,AZERBAIJAN,NEW MANAT,AZERBAIJAN-NEW MANAT,1.7,2019-03-31,10,2019,2,2019,1,03,31
2019-03-31,BAHAMAS,DOLLAR,BAHAMAS-DOLLAR,1.0,2019-03-31,11,2019,2,2019,1,03,31
2019-03-31,BAHRAIN,DINAR,BAHRAIN-DINAR,0.377,2019-03-31,12,2019,2,2019,1,03,31
2019-03-31,BANGLADESH,TAKA,BANGLADESH-TAKA,84.0,2019-03-31,13,2019,2,2019,1,03,31
2019-03-31,BARBADOS,DOLLAR,BARBADOS-DOLLAR,2.02,2019-03-31,14,2019,2,2019,1,03,31
2019-03-31,BELARUS,NEW RUBLE,BELARUS-NEW RUBLE,2.129,2019-03-31,15,2019,2,2019,1,03,31
2019-03-31,BELGIUM,EURO,BELGIUM-EURO,0.89,2019-03-31,16,2019,2,2019,1,03,31
2019-03-31,BELIZE,DOLLAR,BELIZE-DOLLAR,2.0,2019-03-31,17,2019,2,2019,1,03,31
2019-03-31,BENIN,CFA FRANC,BENIN-CFA FRANC,576.45,2019-03-31,18,2019,2,2019,1,03,31
2019-03-31,BERMUDA,DOLLAR,BERMUDA-DOLLAR,1.0,2019-03-31,19,2019,2,2019,1,03,31
2019-03-31,BOLIVIA,BOLIVIANO,BOLIVIA-BOLIVIANO,6.86,2019-03-31,20,2019,2,2019,1,03,31
2019-03-31,BOSNIA,MARKA,BOSNIA-MARKA,1.741,2019-03-31,21,2019,2,2019,1,03,31
2019-03-31,BOTSWANA,PULA,BOTSWANA-PULA,10.718,2019-03-31,22,2019,2,2019,1,03,31
2019-03-31,BRAZIL,REAL,BRAZIL-REAL,3.882,2019-03-31,23,2019,2,2019,1,03,31
2019-03-31,BRUNEI,DOLLAR,BRUNEI-DOLLAR,1.355,2019-03-31,24,2019,2,2019,1,03,31
2019-03-31,BULGARIA,LEV,BULGARIA-LEV,1.741,2019-03-31,25,2019,2,2019,1,03,31
2019-03-31,BURKINA FASO,CFA FRANC,BURKINA FASO-CFA FRANC,576.45,2019-03-31,26,2019,2,2019,1,03,31
2019-03-31,BURUNDI,FRANC,BURUNDI-FRANC,1790.0,2019-03-31,27,2019,2,2019,1,03,31
2019-03-31,CAMBODIA (KHMER),RIEL,CAMBODIA (KHMER)-RIEL,4103.0,2019-03-31,28,2019,2,2019,1,03,31
2019-03-31,CAMEROON,CFA FRANC,CAMEROON-CFA FRANC,616.79,2019-03-31,29,2019,2,2019,1,03,31
2019-03-31,CANADA,DOLLAR,CANADA-DOLLAR,1.341,2019-03-31,30,2019,2,2019,1,03,31
2019-03-31,CAPE VERDE,ESCUDO,CAPE VERDE-ESCUDO,97.045,2019-03-31,31,2019,2,2019,1,03,31
2019-03-31,CAYMAN ISLANDS,DOLLAR,CAYMAN ISLANDS-DOLLAR,0.82,2019-03-31,32,2019,2,2019,1,03,31
2019-03-31,CENTRAL AFRICAN REPUBLIC,CFA FRANC,CENTRAL AFRICAN REPUBLIC-CFA FRANC,616.79,2019-03-31,33,2019,2,2019,1,03,31
2019-03-31,CHAD,CFA FRANC,CHAD-CFA FRANC,616.79,2019-03-31,34,2019,2,2019,1,03,31
2019-03-31,CHILE,PESO,CHILE-PESO,677.22,2019-03-31,35,2019,2,2019,1,03,31
2019-03-31,CHINA,RENMINBI,CHINA-RENMINBI,6.713,2019-03-31,36,2019,2,2019,1,03,31
2019-03-31,COLOMBIA,PESO,COLOMBIA-PESO,3173.45,2019-03-31,37,2019,2,2019,1,03,31
2019-03-31,COMOROS,FRANC,COMOROS-FRANC,437.16,2019-03-31,38,2019,2,2019,1,03,31
2019-03-31,COSTA RICA,COLON,COSTA RICA-COLON,600.7,2019-03-31,39,2019,2,2019,1,03,31
2019-03-31,COTE D'IVOIRE,CFA FRANC,COTE D'IVOIRE-CFA FRANC,576.45,2019-03-31,40,2019,2,2019,1,03,31
2019-03-31,CROATIA,KUNA,CROATIA-KUNA,6.47,2019-03-31,41,2019,2,2019,1,03,31
2019-03-31,CUBA,PESO,CUBA-PESO,1.0,2019-03-31,42,2019,2,2019,1,03,31
2019-03-31,CYPRUS,EURO,CYPRUS-EURO,0.89,2019-03-31,43,2019,2,2019,1,03,31
2019-03-31,CZECH REPUBLIC,KORUNA,CZECH REPUBLIC-KORUNA,22.415,2019-03-31,44,2019,2,2019,1,03,31
2019-03-31,DEMOCRATIC REPUBLIC OF CONGO,FRANC,DEMOCRATIC REPUBLIC OF CONGO-FRANC,1630.0,2019-03-31,45,2019,2,2019,1,03,31
2019-03-31,DENMARK,KRONE,DENMARK-KRONE,6.646,2019-03-31,46,2019,2,2019,1,03,31
2019-03-31,DJIBOUTI,FRANC,DJIBOUTI-FRANC,177.0,2019-03-31,47,2019,2,2019,1,03,31
2019-03-31,DOMINICAN REPUBLIC,PESO,DOMINICAN REPUBLIC-PESO,50.2,2019-03-31,48,2019,2,2019,1,03,31
2019-03-31,ECUADOR,DOLARES,ECUADOR-DOLARES,1.0,2019-03-31,49,2019,2,2019,1,03,31
2019-03-31,EGYPT,POUND,EGYPT-POUND,17.28,2019-03-31,50,2019,2,2019,1,03,31
2019-03-31,EL SALVADOR,DOLARES,EL SALVADOR-DOLARES,1.0,2019-03-31,51,2019,2,2019,1,03,31
2019-03-31,EQUATORIAL GUINEA,CFA FRANC,EQUATORIAL GUINEA-CFA FRANC,616.79,2019-03-31,52,2019,2,2019,1,03,31
2019-03-31,ERITREA,NAKFA,ERITREA-NAKFA,15.0,2019-03-31,53,2019,2,2019,1,03,31
2019-03-31,ESTONIA,EURO,ESTONIA-EURO,0.89,2019-03-31,54,2019,2,2019,1,03,31
2019-03-31,ETHIOPIA,BIRR,ETHIOPIA-BIRR,28.49,2019-03-31,55,2019,2,2019,1,03,31
2019-03-31,EURO ZONE,EURO,EURO ZONE-EURO,0.89,2019-03-31,56,2019,2,2019,1,03,31
2019-03-31,FIJI,DOLLAR,FIJI-DOLLAR,2.104,2019-03-31,57,2019,2,2019,1,03,31
2019-03-31,FINLAND,EURO,FINLAND-EURO,0.89,2019-03-31,58,2019,2,2019,1,03,31
2019-03-31,FRANCE,EURO,FRANCE-EURO,0.89,2019-03-31,59,2019,2,2019,1,03,31
2019-03-31,GABON,CFA FRANC,GABON-CFA FRANC,616.79,2019-03-31,60,2019,2,2019,1,03,31
2019-03-31,GAMBIA,DALASI,GAMBIA-DALASI,50.0,2019-03-31,61,2019,2,2019,1,03,31
2019-03-31,GEORGIA,LARI,GEORGIA-LARI,2.7,2019-03-31,62,2019,2,2019,1,03,31
2019-03-31,GERMANY,EURO,GERMANY EURO,0.89,2019-03-31,63,2019,2,2019,1,03,31
2019-03-31,GHANA,CEDI,GHANA-CEDI,5.2,2019-03-31,64,2019,2,2019,1,03,31
2019-03-31,GREECE,EURO,GREECE-EURO,0.89,2019-03-31,65,2019,2,2019,1,03,31
2019-03-31,GRENADA,EAST CARIBBEAN DOLLAR,GRENADA-EAST CARIBBEAN DOLLAR,2.7,2019-03-31,66,2019,2,2019,1,03,31
2019-03-31,GUATEMALA,QUETZAL,GUATEMALA-QUETZAL,7.68,2019-03-31,67,2019,2,2019,1,03,31
2019-03-31,GUINEA,FRANC,GUINEA-FRANC,9106.0,2019-03-31,69,2019,2,2019,1,03,31
2019-03-31,GUINEA BISSAU,CFA FRANC,GUINEA BISSAU-CFA FRANC,576.45,2019-03-31,68,2019,2,2019,1,03,31
2019-03-31,GUYANA,DOLLAR,GUYANA-DOLLAR,215.0,2019-03-31,70,2019,2,2019,1,03,31
2019-03-31,HAITI,GOURDE,HAITI-GOURDE,83.19,2019-03-31,71,2019,2,2019,1,03,31
2019-03-31,HONDURAS,LEMPIRA,HONDURAS-LEMPIRA,25.0,2019-03-31,72,2019,2,2019,1,03,31
2019-03-31,HONG KONG,DOLLAR,HONG KONG-DOLLAR,7.85,2019-03-31,73,2019,2,2019,1,03,31
2019-03-31,HUNGARY,FORINT,HUNGARY-FORINT,285.99,2019-03-31,74,2019,2,2019,1,03,31
2019-03-31,ICELAND,KRONA,ICELAND-KRONA,122.28,2019-03-31,75,2019,2,2019,1,03,31
2019-03-31,INDIA,RUPEE,INDIA-RUPEE,68.7,2019-03-31,76,2019,2,2019,1,03,31
2019-03-31,INDONESIA,RUPIAH,INDONESIA-RUPIAH,14220.0,2019-03-31,77,2019,2,2019,1,03,31
2019-03-31,IRAN,RIAL,IRAN-RIAL,42000.0,2019-03-31,78,2019,2,2019,1,03,31
2019-03-31,IRAQ,DINAR,IRAQ-DINAR,1138.0,2019-03-31,79,2019,2,2019,1,03,31
2019-03-31,IRELAND,EURO,IRELAND-EURO,0.89,2019-03-31,80,2019,2,2019,1,03,31
2019-03-31,ISRAEL,SHEKEL,ISRAEL-SHEKEL,3.63,2019-03-31,81,2019,2,2019,1,03,31
2019-03-31,ITALY,EURO,ITALY-EURO,0.89,2019-03-31,82,2019,2,2019,1,03,31
2019-03-31,JAMAICA,DOLLAR,JAMAICA-DOLLAR,128.0,2019-03-31,83,2019,2,2019,1,03,31
2019-03-31,JAPAN,YEN,JAPAN-YEN,110.76,2019-03-31,84,2019,2,2019,1,03,31
2019-03-31,JERUSALEM,SHEKEL,JERUSALEM-SHEKEL,3.63,2019-03-31,85,2019,2,2019,1,03,31
2019-03-31,JORDAN,DINAR,JORDAN-DINAR,0.708,2019-03-31,86,2019,2,2019,1,03,31
2019-03-31,KAZAKHSTAN,TENGE,KAZAKHSTAN-TENGE,380.06,2019-03-31,87,2019,2,2019,1,03,31
2019-03-31,KENYA,SHILLING,KENYA-SHILLING,100.65,2019-03-31,88,2019,2,2019,1,03,31
2019-03-31,KOREA,WON,KOREA-WON,1135.05,2019-03-31,89,2019,2,2019,1,03,31
2019-03-31,KOSOVO,EURO,KOSOVO-EURO,0.89,2019-03-31,90,2019,2,2019,1,03,31
2019-03-31,KUWAIT,DINAR,KUWAIT-DINAR,0.304,2019-03-31,91,2019,2,2019,1,03,31
2019-03-31,KYRGYZSTAN,SOM,KYRGYZSTAN-SOM,69.8,2019-03-31,92,2019,2,2019,1,03,31
2019-03-31,LAOS,KIP,LAOS-KIP,8580.0,2019-03-31,93,2019,2,2019,1,03,31
2019-03-31,LATVIA,EURO,LATVIA-EURO,0.89,2019-03-31,94,2019,2,2019,1,03,31
2019-03-31,LEBANON,POUND,LEBANON-POUND,1500.0,2019-03-31,95,2019,2,2019,1,03,31
2019-03-31,LESOTHO,SOUTH AFRICAN RAND,LESOTHO-SOUTH AFRICAN RAND,14.515,2019-03-31,96,2019,2,2019,1,03,31
2019-03-31,LIBERIA,DOLLAR,LIBERIA-DOLLAR,164.01,2019-03-31,97,2019,2,2019,1,03,31
2019-03-31,LIBYA,DINAR,LIBYA-DINAR,1.386,2019-03-31,98,2019,2,2019,1,03,31
2019-03-31,LITHUANIA,EURO,LITHUANIA-EURO,0.89,2019-03-31,99,2019,2,2019,1,03,31
2019-03-31,LUXEMBOURG,EURO,LUXEMBOURG-EURO,0.89,2019-03-31,100,2019,2,2019,1,03,31
2019-03-31,MACEDONIA FYROM,DENAR(ARIARY),MACEDONIA FYROM-DENAR(ARIARY),54.57,2019-03-31,101,2019,2,2019,1,03,31
2019-03-31,MADAGASCAR,FRANC,MADAGASCAR-FRANC,3572.0,2019-03-31,102,2019,2,2019,1,03,31
2019-03-31,MALAWI,KWACHA,MALAWI-KWACHA,740.0,2019-03-31,103,2019,2,2019,1,03,31
2019-03-31,MALAYSIA,RINGGIT,MALAYSIA-RINGGIT,4.08,2019-03-31,104,2019,2,2019,1,03,31
2019-03-31,MALDIVES,RUFIYAA,MALDIVES-RUFIYAA,15.42,2019-03-31,105,2019,2,2019,1,03,31
2019-03-31,MALI,CFA FRANC,MALI-CFA FRANC,576.45,2019-03-31,106,2019,2,2019,1,03,31
2019-03-31,MALTA,EURO,MALTA-EURO,0.89,2019-03-31,107,2019,2,2019,1,03,31
2019-03-31,MARSHALLS ISLANDS,DOLLAR,MARSHALLS ISLANDS-DOLLAR,1.0,2019-03-31,108,2019,2,2019,1,03,31
2019-03-31,MARTINIQUE,EURO,MARTINIQUE-EURO,0.89,2019-03-31,109,2019,2,2019,1,03,31
2019-03-31,MAURITANIA,OUGUIYA,MAURITANIA-OUGUIYA,36.0,2019-03-31,110,2019,2,2019,1,03,31
2019-03-31,MAURITIUS,RUPEE,MAURITIUS-RUPEE,34.78,2019-03-31,111,2019,2,2019,1,03,31
2019-03-31,MEXICO,PESO,MEXICO-PESO,19.295,2019-03-31,112,2019,2,2019,1,03,31
2019-03-31,MICRONESIA,DOLLAR,MICRONESIA-DOLLAR,1.0,2019-03-31,113,2019,2,2019,1,03,31
2019-03-31,MOLDOVA,LEU,MOLDOVA-LEU,17.3,2019-03-31,114,2019,2,2019,1,03,31
2019-03-31,MONGOLIA,TUGRIK,MONGOLIA-TUGRIK,2631.28,2019-03-31,115,2019,2,2019,1,03,31
2019-03-31,MONTENEGRO,EURO,MONTENEGRO-EURO,0.89,2019-03-31,116,2019,2,2019,1,03,31
2019-03-31,MOROCCO,DIRHAM,MOROCCO-DIRHAM,9.656,2019-03-31,117,2019,2,2019,1,03,31
2019-03-31,MOZAMBIQUE,METICAL,MOZAMBIQUE-METICAL,63.35,2019-03-31,118,2019,2,2019,1,03,31
2019-03-31,MYANMAR,KYAT,MYANMAR-KYAT,1500.0,2019-03-31,119,2019,2,2019,1,03,31
2019-03-31,NAMIBIA,DOLLAR,NAMIBIA-DOLLAR,14.515,2019-03-31,120,2019,2,2019,1,03,31
2019-03-31,NEPAL,RUPEE,NEPAL-RUPEE,110.05,2019-03-31,121,2019,2,2019,1,03,31
2019-03-31,NETHERLANDS,EURO,NETHERLANDS-EURO,0.89,2019-03-31,123,2019,2,2019,1,03,31
2019-03-31,NETHERLANDS ANTILLES,GUILDER,NETHERLANDS ANTILLES-GUILDER,1.78,2019-03-31,122,2019,2,2019,1,03,31
2019-03-31,NEW ZEALAND,DOLLAR,NEW ZEALAND-DOLLAR,1.47,2019-03-31,124,2019,2,2019,1,03,31
2019-03-31,NICARAGUA,CORDOBA,NICARAGUA-CORDOBA,32.85,2019-03-31,125,2019,2,2019,1,03,31
2019-03-31,NIGER,CFA FRANC,NIGER-CFA FRANC,576.45,2019-03-31,126,2019,2,2019,1,03,31
2019-03-31,NIGERIA,NAIRA,NIGERIA-NAIRA,361.0,2019-03-31,127,2019,2,2019,1,03,31
2019-03-31,NORWAY,KRONE,NORWAY-KRONE,8.614,2019-03-31,128,2019,2,2019,1,03,31
2019-03-31,OMAN,RIAL,OMAN-RIAL,0.385,2019-03-31,129,2019,2,2019,1,03,31
2019-03-31,PAKISTAN,RUPEE,PAKISTAN-RUPEE,140.06,2019-03-31,130,2019,2,2019,1,03,31
2019-03-31,PALAU,DOLLAR,PALAU-DOLLAR,1.0,2019-03-31,131,2019,2,2019,1,03,31
2019-03-31,PANAMA,BALBOA,PANAMA-BALBOA,1.0,2019-03-31,132,2019,2,2019,1,03,31
2019-03-31,PAPUA NEW GUINEA,KINA,PAPUA NEW GUINEA-KINA,3.29,2019-03-31,133,2019,2,2019,1,03,31
2019-03-31,PARAGUAY,GUARANI,PARAGUAY-GUARANI,6180.0,2019-03-31,134,2019,2,2019,1,03,31
2019-03-31,PERU,NUEVO SOL,PERU-NUEVO SOL,3.316,2019-03-31,135,2019,2,2019,1,03,31
2019-03-31,PHILIPPINES,PESO,PHILIPPINES-PESO,52.62,2019-03-31,136,2019,2,2019,1,03,31
2019-03-31,POLAND,ZLOTY,POLAND-ZLOTY,3.831,2019-03-31,137,2019,2,2019,1,03,31
2019-03-31,PORTUGAL,EURO,PORTUGAL-EURO,0.89,2019-03-31,138,2019,2,2019,1,03,31
2019-03-31,QATAR,RIYAL,QATAR-RIYAL,3.64,2019-03-31,139,2019,2,2019,1,03,31
2019-03-31,ROMANIA,NEW LEU,ROMANIA-NEW LEU,4.239,2019-03-31,140,2019,2,2019,1,03,31
2019-03-31,RUSSIA,RUBLE,RUSSIA-RUBLE,64.821,2019-03-31,141,2019,2,2019,1,03,31
2019-03-31,RWANDA,FRANC,RWANDA-FRANC,890.0,2019-03-31,142,2019,2,2019,1,03,31
2019-03-31,SAO TOME & PRINCIPE,NEW DOBRAS,SAO TOME & PRINCIPE-NEW DOBRAS,21.699,2019-03-31,143,2019,2,2019,1,03,31
2019-03-31,SAO TOME & PRINCIPE,DOBRAS,SAO TOME & PRINCIPE-DOBRAS,20941.008,2019-03-31,144,2019,2,2019,1,03,31
2019-03-31,SAUDI ARABIA,RIYAL,SAUDI ARABIA-RIYAL,3.75,2019-03-31,145,2019,2,2019,1,03,31
2019-03-31,SENEGAL,CFA FRANC,SENEGAL-CFA FRANC,576.45,2019-03-31,146,2019,2,2019,1,03,31
2019-03-31,SERBIA,DINAR,SERBIA-DINAR,105.0,2019-03-31,147,2019,2,2019,1,03,31
2019-03-31,SEYCHELLES,RUPEE,SEYCHELLES-RUPEE,13.58,2019-03-31,148,2019,2,2019,1,03,31
2019-03-31,SIERRA LEONE,LEONE,SIERRA LEONE-LEONE,8911.0,2019-03-31,149,2019,2,2019,1,03,31
2019-03-31,SINGAPORE,DOLLAR,SINGAPORE-DOLLAR,1.355,2019-03-31,150,2019,2,2019,1,03,31
2019-03-31,SLOVAK REPUBLIC,EURO,SLOVAK REPUBLIC-EURO,0.89,2019-03-31,151,2019,2,2019,1,03,31
2019-03-31,SLOVENIA,EURO,SLOVENIA-EURO,0.89,2019-03-31,152,2019,2,2019,1,03,31
2019-03-31,SOLOMON ISLANDS,DOLLAR,SOLOMON ISLANDS-DOLLAR,7.752,2019-03-31,153,2019,2,2019,1,03,31
2019-03-31,SOMALI,SHILLING,SOMALI-SHILLING,575.0,2019-03-31,154,2019,2,2019,1,03,31
2019-03-31,SOUTH AFRICA,RAND,SOUTH AFRICA-RAND,14.515,2019-03-31,155,2019,2,2019,1,03,31
2019-03-31,SOUTH SUDANESE,POUND,SOUTH SUDANESE-POUND,155.92,2019-03-31,156,2019,2,2019,1,03,31
2019-03-31,SPAIN,EURO,SPAIN-EURO,0.89,2019-03-31,157,2019,2,2019,1,03,31
2019-03-31,SRI LANKA,RUPEE,SRI LANKA-RUPEE,175.35,2019-03-31,158,2019,2,2019,1,03,31
2019-03-31,ST LUCIA,EC DOLLAR,ST LUCIA-EC DOLLAR,2.7,2019-03-31,159,2019,2,2019,1,03,31
2019-03-31,SUDAN,SUDANESE POUND,SUDAN-SUDANESE POUND,47.0,2019-03-31,160,2019,2,2019,1,03,31
2019-03-31,SURINAME,GUILDER,SURINAME-GUILDER,7.52,2019-03-31,161,2019,2,2019,1,03,31
2019-03-31,SWAZILAND,LILANGENI,SWAZILAND-LILANGENI,14.35,2019-03-31,162,2019,2,2019,1,03,31
2019-03-31,SWEDEN,KRONA,SWEDEN-KRONA,9.258,2019-03-31,163,2019,2,2019,1,03,31
2019-03-31,SWITZERLAND,FRANC,SWITZERLAND-FRANC,0.996,2019-03-31,164,2019,2,2019,1,03,31
2019-03-31,SYRIA,POUND,SYRIA-POUND,515.0,2019-03-31,165,2019,2,2019,1,03,31
2019-03-31,TAIWAN,DOLLAR,TAIWAN-DOLLAR,30.837,2019-03-31,166,2019,2,2019,1,03,31
2019-03-31,TAJIKISTAN,SOMONI,TAJIKISTAN-SOMONI,9.4,2019-03-31,167,2019,2,2019,1,03,31
2019-03-31,TANZANIA,SHILLING,TANZANIA-SHILLING,2305.0,2019-03-31,168,2019,2,2019,1,03,31
2019-03-31,THAILAND,BAHT,THAILAND-BAHT,31.71,2019-03-31,169,2019,2,2019,1,03,31
2019-03-31,TIMOR,LESTE DILI,TIMOR-LESTE DILI,1.0,2019-03-31,170,2019,2,2019,1,03,31
2019-03-31,TOGO,CFA FRANC,TOGO-CFA FRANC,576.45,2019-03-31,171,2019,2,2019,1,03,31
2019-03-31,TONGA,PA'ANGA,TONGA-PA'ANGA,2.167,2019-03-31,172,2019,2,2019,1,03,31
2019-03-31,TRINIDAD & TOBAGO,DOLLAR,TRINIDAD & TOBAGO-DOLLAR,6.719,2019-03-31,173,2019,2,2019,1,03,31
2019-03-31,TUNISIA,DINAR,TUNISIA-DINAR,3.01,2019-03-31,174,2019,2,2019,1,03,31
2019-03-31,TURKEY,LIRA,TURKEY-LIRA,5.283,2019-03-31,175,2019,2,2019,1,03,31
2019-03-31,TURKMENISTAN,NEW MANAT,TURKMENISTAN-NEW MANAT,3.491,2019-03-31,176,2019,2,2019,1,03,31
2019-03-31,UGANDA,SHILLING,UGANDA-SHILLING,3710.0,2019-03-31,177,2019,2,2019,1,03,31
2019-03-31,UKRAINE,HRYVNIA,UKRAINE-HRYVNIA,27.235,2019-03-31,178,2019,2,2019,1,03,31
2019-03-31,UNITED ARAB EMIRATES,DIRHAM,UNITED ARAB EMIRATES-DIRHAM,3.673,2019-03-31,179,2019,2,2019,1,03,31
2019-03-31,UNITED KINGDOM,POUND STERLING,UNITED KINGDOM-POUND STERLING,0.764,2019-03-31,180,2019,2,2019,1,03,31
2019-03-31,URUGUAY,PESO,URUGUAY-PESO,33.79,2019-03-31,181,2019,2,2019,1,03,31
2019-03-31,UZBEKISTAN,SOM,UZBEKISTAN-SOM,8370.0,2019-03-31,182,2019,2,2019,1,03,31
2019-03-31,VANUATU,VATU,VANUATU-VATU,111.73,2019-03-31,183,2019,2,2019,1,03,31
2019-03-31,VENEZUELA,BOLIVAR-FUERTE,VENEZUELA-BOLIVAR-FUERTE,248832.0,2019-03-31,184,2019,2,2019,1,03,31
2019-03-31,VENEZUELA,BOLIVAR-SOBERANO,VENEZUELA-BOLIVAR-SOBERANO,3299.59,2019-03-31,185,2019,2,2019,1,03,31
2019-03-31,VIETNAM,DONG,VIETNAM-DONG,23203.0,2019-03-31,186,2019,2,2019,1,03,31
2019-03-31,WESTERN SAMOA,TALA,WESTERN SAMOA-TALA,2.525,2019-03-31,187,2019,2,2019,1,03,31
2019-03-31,YEMEN,RIAL,YEMEN-RIAL,480.0,2019-03-31,188,2019,2,2019,1,03,31
2019-03-31,ZAMBIA,NEW KWACHA,ZAMBIA-NEW KWACHA,12.13,2019-03-31,189,2019,2,2019,1,03,31
2019-03-31,ZIMBABWE,DOLLAR,ZIMBABWE-DOLLAR,1.0,2019-03-31,190,2019,2,2019,1,03,31
