"COU","Country","LEVEL_GOV","Level of government","TAX_BASE","Tax base","SUBGOV_RATES","Sub-central tax rates","YEA","Year","Unit Code","Unit","PowerCode Code","PowerCode","Reference Period Code","Reference Period","Value","Flag Codes","Flags"
"DNK","Denmark","S","S","TY","TY","MIN_RATE","Minimum sub-central rate","2000","2000","PC","Percentage","0","Units",,,11,,
"DNK","Denmark","S","S","TY","TY","MIN_RATE","Minimum sub-central rate","2001","2001","PC","Percentage","0","Units",,,11.4,,
"DNK","Denmark","S","S","TY","TY","MIN_RATE","Minimum sub-central rate","2002","2002","PC","Percentage","0","Units",,,12,,
"DNK","Denmark","S","S","TY","TY","MIN_RATE","Minimum sub-central rate","2003","2003","PC","Percentage","0","Units",,,13,,
"DNK","Denmark","S","S","TY","TY","MIN_RATE","Minimum sub-central rate","2004","2004","PC","Percentage","0","Units",,,12,,
"DNK","Denmark","S","S","TY","TY","MAX_RATE","Maximum sub-central rate","2000","2000","PC","Percentage","0","Units",,,12,,
"DNK","Denmark","S","S","TY","TY","MAX_RATE","Maximum sub-central rate","2001","2001","PC","Percentage","0","Units",,,12.5,,
"DNK","Denmark","S","S","TY","TY","MAX_RATE","Maximum sub-central rate","2002","2002","PC","Percentage","0","Units",,,12.5,,
"DNK","Denmark","S","S","TY","TY","MAX_RATE","Maximum sub-central rate","2003","2003","PC","Percentage","0","Units",,,13.48,,
"DNK","Denmark","S","S","TY","TY","MAX_RATE","Maximum sub-central rate","2004","2004","PC","Percentage","0","Units",,,12.4,,
"DNK","Denmark","L","L","TY","TY","REP_RATE","Representative sub-central rate","2007","2007","PC","Percentage","0","Units",,,24.577,,
"DNK","Denmark","L","L","TY","TY","REP_RATE","Representative sub-central rate","2008","2008","PC","Percentage","0","Units",,,24.813,,
"DNK","Denmark","L","L","TY","TY","REP_RATE","Representative sub-central rate","2009","2009","PC","Percentage","0","Units",,,24.818,,
"DNK","Denmark","L","L","TY","TY","REP_RATE","Representative sub-central rate","2010","2010","PC","Percentage","0","Units",,,24.903,,
"DNK","Denmark","L","L","TY","TY","REP_RATE","Representative sub-central rate","2011","2011","PC","Percentage","0","Units",,,24.925,,
"DNK","Denmark","L","L","TY","TY","REP_RATE","Representative sub-central rate","2012","2012","PC","Percentage","0","Units",,,24.919,,
"DNK","Denmark","L","L","TY","TY","REP_RATE","Representative sub-central rate","2013","2013","PC","Percentage","0","Units",,,24.907,,
"DNK","Denmark","L","L","TY","TY","REP_RATE","Representative sub-central rate","2014","2014","PC","Percentage","0","Units",,,24.902,,
"DNK","Denmark","L","L","TY","TY","REP_RATE","Representative sub-central rate","2015","2015","PC","Percentage","0","Units",,,24.904,,
"DNK","Denmark","L","L","TY","TY","REP_RATE","Representative sub-central rate","2016","2016","PC","Percentage","0","Units",,,24.91,,
"DNK","Denmark","L","L","TY","TY","REP_RATE","Representative sub-central rate","2017","2017","PC","Percentage","0","Units",,,24.93,,
"DNK","Denmark","L","L","TY","TY","REP_RATE","Representative sub-central rate","2018","2018","PC","Percentage","0","Units",,,24.91,,
"DNK","Denmark","L","L","TY","TY","REP_RATE","Representative sub-central rate","2019","2019","PC","Percentage","0","Units",,,24.93,,
"DNK","Denmark","L","L","TY","TY","REP_RATE","Representative sub-central rate","2020","2020","PC","Percentage","0","Units",,,24.95,,
"DNK","Denmark","L","L","TY","TY","REP_RATE","Representative sub-central rate","2021","2021","PC","Percentage","0","Units",,,24.97,,
"DNK","Denmark","L","L","TY","TY","REP_RATE","Representative sub-central rate","2022","2022","PC","Percentage","0","Units",,,24.982,,
"DNK","Denmark","L","L","TY","TY","MIN_RATE","Minimum sub-central rate","2000","2000","PC","Percentage","0","Units",,,15.5,,
"DNK","Denmark","L","L","TY","TY","MIN_RATE","Minimum sub-central rate","2001","2001","PC","Percentage","0","Units",,,15.5,,
"DNK","Denmark","L","L","TY","TY","MIN_RATE","Minimum sub-central rate","2002","2002","PC","Percentage","0","Units",,,18.1,,
"DNK","Denmark","L","L","TY","TY","MIN_RATE","Minimum sub-central rate","2003","2003","PC","Percentage","0","Units",,,17,,
"DNK","Denmark","L","L","TY","TY","MIN_RATE","Minimum sub-central rate","2004","2004","PC","Percentage","0","Units",,,16.5,,
"DNK","Denmark","L","L","TY","TY","MIN_RATE","Minimum sub-central rate","2007","2007","PC","Percentage","0","Units",,,21.21,,
"DNK","Denmark","L","L","TY","TY","MIN_RATE","Minimum sub-central rate","2008","2008","PC","Percentage","0","Units",,,21.9,,
"DNK","Denmark","L","L","TY","TY","MIN_RATE","Minimum sub-central rate","2009","2009","PC","Percentage","0","Units",,,22.7,,
"DNK","Denmark","L","L","TY","TY","MIN_RATE","Minimum sub-central rate","2010","2010","PC","Percentage","0","Units",,,22.8,,
"DNK","Denmark","L","L","TY","TY","MIN_RATE","Minimum sub-central rate","2011","2011","PC","Percentage","0","Units",,,22.8,,
"DNK","Denmark","L","L","TY","TY","MIN_RATE","Minimum sub-central rate","2012","2012","PC","Percentage","0","Units",,,22.7,,
"DNK","Denmark","L","L","TY","TY","MIN_RATE","Minimum sub-central rate","2013","2013","PC","Percentage","0","Units",,,22.7,,
"DNK","Denmark","L","L","TY","TY","MIN_RATE","Minimum sub-central rate","2014","2014","PC","Percentage","0","Units",,,22.5,,
"DNK","Denmark","L","L","TY","TY","MIN_RATE","Minimum sub-central rate","2015","2015","PC","Percentage","0","Units",,,22.5,,
"DNK","Denmark","L","L","TY","TY","MIN_RATE","Minimum sub-central rate","2016","2016","PC","Percentage","0","Units",,,22.5,,
"DNK","Denmark","L","L","TY","TY","MIN_RATE","Minimum sub-central rate","2017","2017","PC","Percentage","0","Units",,,22.5,,
"DNK","Denmark","L","L","TY","TY","MIN_RATE","Minimum sub-central rate","2018","2018","PC","Percentage","0","Units",,,22.5,,
"DNK","Denmark","L","L","TY","TY","MIN_RATE","Minimum sub-central rate","2019","2019","PC","Percentage","0","Units",,,22.5,,
"DNK","Denmark","L","L","TY","TY","MIN_RATE","Minimum sub-central rate","2020","2020","PC","Percentage","0","Units",,,22.8,,
"DNK","Denmark","L","L","TY","TY","MIN_RATE","Minimum sub-central rate","2021","2021","PC","Percentage","0","Units",,,22.8,,
"DNK","Denmark","L","L","TY","TY","MIN_RATE","Minimum sub-central rate","2022","2022","PC","Percentage","0","Units",,,22.8,,
"DNK","Denmark","L","L","TY","TY","MAX_RATE","Maximum sub-central rate","2000","2000","PC","Percentage","0","Units",,,22.8,,
"DNK","Denmark","L","L","TY","TY","MAX_RATE","Maximum sub-central rate","2001","2001","PC","Percentage","0","Units",,,23.2,,
"DNK","Denmark","L","L","TY","TY","MAX_RATE","Maximum sub-central rate","2002","2002","PC","Percentage","0","Units",,,24.13,,
"DNK","Denmark","L","L","TY","TY","MAX_RATE","Maximum sub-central rate","2003","2003","PC","Percentage","0","Units",,,23.2,,
"DNK","Denmark","L","L","TY","TY","MAX_RATE","Maximum sub-central rate","2004","2004","PC","Percentage","0","Units",,,23.2,,
"DNK","Denmark","L","L","TY","TY","MAX_RATE","Maximum sub-central rate","2007","2007","PC","Percentage","0","Units",,,27.94,,
"DNK","Denmark","L","L","TY","TY","MAX_RATE","Maximum sub-central rate","2008","2008","PC","Percentage","0","Units",,,27.8,,
"DNK","Denmark","L","L","TY","TY","MAX_RATE","Maximum sub-central rate","2009","2009","PC","Percentage","0","Units",,,27.8,,
"DNK","Denmark","L","L","TY","TY","MAX_RATE","Maximum sub-central rate","2010","2010","PC","Percentage","0","Units",,,27.8,,
"DNK","Denmark","L","L","TY","TY","MAX_RATE","Maximum sub-central rate","2011","2011","PC","Percentage","0","Units",,,27.8,,
"DNK","Denmark","L","L","TY","TY","MAX_RATE","Maximum sub-central rate","2012","2012","PC","Percentage","0","Units",,,27.8,,
"DNK","Denmark","L","L","TY","TY","MAX_RATE","Maximum sub-central rate","2013","2013","PC","Percentage","0","Units",,,27.8,,
"DNK","Denmark","L","L","TY","TY","MAX_RATE","Maximum sub-central rate","2014","2014","PC","Percentage","0","Units",,,27.8,,
"DNK","Denmark","L","L","TY","TY","MAX_RATE","Maximum sub-central rate","2015","2015","PC","Percentage","0","Units",,,27.8,,
"DNK","Denmark","L","L","TY","TY","MAX_RATE","Maximum sub-central rate","2016","2016","PC","Percentage","0","Units",,,27.8,,
"DNK","Denmark","L","L","TY","TY","MAX_RATE","Maximum sub-central rate","2017","2017","PC","Percentage","0","Units",,,27.8,,
"DNK","Denmark","L","L","TY","TY","MAX_RATE","Maximum sub-central rate","2018","2018","PC","Percentage","0","Units",,,27.8,,
"DNK","Denmark","L","L","TY","TY","MAX_RATE","Maximum sub-central rate","2019","2019","PC","Percentage","0","Units",,,27.8,,
"DNK","Denmark","L","L","TY","TY","MAX_RATE","Maximum sub-central rate","2020","2020","PC","Percentage","0","Units",,,27.8,,
"DNK","Denmark","L","L","TY","TY","MAX_RATE","Maximum sub-central rate","2021","2021","PC","Percentage","0","Units",,,26.3,,
"DNK","Denmark","L","L","TY","TY","MAX_RATE","Maximum sub-central rate","2022","2022","PC","Percentage","0","Units",,,26.3,,
"DNK","Denmark","SL","SL","TY","TY","REP_RATE","Representative sub-central rate","2000","2000","PC","Percentage","0","Units",,,32.1,,
"DNK","Denmark","SL","SL","TY","TY","REP_RATE","Representative sub-central rate","2001","2001","PC","Percentage","0","Units",,,32.5,,
"DNK","Denmark","SL","SL","TY","TY","REP_RATE","Representative sub-central rate","2002","2002","PC","Percentage","0","Units",,,32.557,,
"DNK","Denmark","SL","SL","TY","TY","REP_RATE","Representative sub-central rate","2003","2003","PC","Percentage","0","Units",,,32.6,,
"DNK","Denmark","SL","SL","TY","TY","REP_RATE","Representative sub-central rate","2004","2004","PC","Percentage","0","Units",,,32.568,,
"DNK","Denmark","SL","SL","TY","TY","REP_RATE","Representative sub-central rate","2005","2005","PC","Percentage","0","Units",,,32.567,,
"DNK","Denmark","SL","SL","TY","TY","REP_RATE","Representative sub-central rate","2006","2006","PC","Percentage","0","Units",,,32.5965,,
"DNK","Denmark","SL","SL","TY","TY","MIN_RATE","Minimum sub-central rate","2000","2000","PC","Percentage","0","Units",,,27.6,,
"DNK","Denmark","SL","SL","TY","TY","MIN_RATE","Minimum sub-central rate","2001","2001","PC","Percentage","0","Units",,,28.2,,
"DNK","Denmark","SL","SL","TY","TY","MIN_RATE","Minimum sub-central rate","2002","2002","PC","Percentage","0","Units",,,30.1,,
"DNK","Denmark","SL","SL","TY","TY","MIN_RATE","Minimum sub-central rate","2003","2003","PC","Percentage","0","Units",,,30,,
"DNK","Denmark","SL","SL","TY","TY","MIN_RATE","Minimum sub-central rate","2004","2004","PC","Percentage","0","Units",,,29.5,,
"DNK","Denmark","SL","SL","TY","TY","MIN_RATE","Minimum sub-central rate","2005","2005","PC","Percentage","0","Units",,,28.5,,
"DNK","Denmark","SL","SL","TY","TY","MIN_RATE","Minimum sub-central rate","2006","2006","PC","Percentage","0","Units",,,28.5,,
"DNK","Denmark","SL","SL","TY","TY","MAX_RATE","Maximum sub-central rate","2000","2000","PC","Percentage","0","Units",,,35.85,,
"DNK","Denmark","SL","SL","TY","TY","MAX_RATE","Maximum sub-central rate","2001","2001","PC","Percentage","0","Units",,,36.3,,
"DNK","Denmark","SL","SL","TY","TY","MAX_RATE","Maximum sub-central rate","2002","2002","PC","Percentage","0","Units",,,36.63,,
"DNK","Denmark","SL","SL","TY","TY","MAX_RATE","Maximum sub-central rate","2003","2003","PC","Percentage","0","Units",,,36.68,,
"DNK","Denmark","SL","SL","TY","TY","MAX_RATE","Maximum sub-central rate","2004","2004","PC","Percentage","0","Units",,,36.7,,
"DNK","Denmark","SL","SL","TY","TY","MAX_RATE","Maximum sub-central rate","2005","2005","PC","Percentage","0","Units",,,36.71,,
"DNK","Denmark","SL","SL","TY","TY","MAX_RATE","Maximum sub-central rate","2006","2006","PC","Percentage","0","Units",,,36.74,,
"FIN","Finland","L","L","TYI","TYI","PERS_AL","Sub-central personal allowance","2000","2000","NATCUR","National currency","0","Units",,,3128,,
"FIN","Finland","L","L","TYI","TYI","PERS_AL","Sub-central personal allowance","2001","2001","NATCUR","National currency","0","Units",,,3128,,
"FIN","Finland","L","L","TYI","TYI","PERS_AL","Sub-central personal allowance","2002","2002","NATCUR","National currency","0","Units",,,3620,,
"FIN","Finland","L","L","TYI","TYI","PERS_AL","Sub-central personal allowance","2003","2003","NATCUR","National currency","0","Units",,,4030,,
"FIN","Finland","L","L","TYI","TYI","PERS_AL","Sub-central personal allowance","2004","2004","NATCUR","National currency","0","Units",,,5030,,
"FIN","Finland","L","L","TYI","TYI","PERS_AL","Sub-central personal allowance","2005","2005","NATCUR","National currency","0","Units",,,5330,,
"FIN","Finland","L","L","TYI","TYI","PERS_AL","Sub-central personal allowance","2006","2006","NATCUR","National currency","0","Units",,,5330,,
"FIN","Finland","L","L","TYI","TYI","PERS_AL","Sub-central personal allowance","2007","2007","NATCUR","National currency","0","Units",,,4730,,
"FIN","Finland","L","L","TYI","TYI","PERS_AL","Sub-central personal allowance","2008","2008","NATCUR","National currency","0","Units",,,5050,,
"FIN","Finland","L","L","TYI","TYI","PERS_AL","Sub-central personal allowance","2009","2009","NATCUR","National currency","0","Units",,,5050,,
"FIN","Finland","L","L","TYI","TYI","PERS_AL","Sub-central personal allowance","2010","2010","NATCUR","National currency","0","Units",,,5770,,
"FIN","Finland","L","L","TYI","TYI","PERS_AL","Sub-central personal allowance","2011","2011","NATCUR","National currency","0","Units",,,5820,,
"FIN","Finland","L","L","TYI","TYI","PERS_AL","Sub-central personal allowance","2012","2012","NATCUR","National currency","0","Units",,,6420,,
"FIN","Finland","L","L","TYI","TYI","PERS_AL","Sub-central personal allowance","2013","2013","NATCUR","National currency","0","Units",,,6450,,
"FIN","Finland","L","L","TYI","TYI","PERS_AL","Sub-central personal allowance","2014","2014","NATCUR","National currency","0","Units",,,6500,,
"FIN","Finland","L","L","TYI","TYI","PERS_AL","Sub-central personal allowance","2015","2015","NATCUR","National currency","0","Units",,,6540,,
"FIN","Finland","L","L","TYI","TYI","PERS_AL","Sub-central personal allowance","2016","2016","NATCUR","National currency","0","Units",,,6590,,
"FIN","Finland","L","L","TYI","TYI","PERS_AL","Sub-central personal allowance","2017","2017","NATCUR","National currency","0","Units",,,6630,,
"FIN","Finland","L","L","TYI","TYI","PERS_AL","Sub-central personal allowance","2018","2018","NATCUR","National currency","0","Units",,,6670,,
"FIN","Finland","L","L","TYI","TYI","PERS_AL","Sub-central personal allowance","2019","2019","NATCUR","National currency","0","Units",,,6875,,
"FIN","Finland","L","L","TYI","TYI","PERS_AL","Sub-central personal allowance","2020","2020","NATCUR","National currency","0","Units",,,7110,,
"FIN","Finland","L","L","TYI","TYI","PERS_AL","Sub-central personal allowance","2021","2021","NATCUR","National currency","0","Units",,,7110,,
"FIN","Finland","L","L","TYI","TYI","PERS_AL","Sub-central personal allowance","2022","2022","NATCUR","National currency","0","Units",,,7310,,
"FIN","Finland","L","L","TYI","TYI","REP_RATE","Representative sub-central rate","2000","2000","PC","Percentage","0","Units",,,17.63,,
"FIN","Finland","L","L","TYI","TYI","REP_RATE","Representative sub-central rate","2001","2001","PC","Percentage","0","Units",,,17.68,,
"FIN","Finland","L","L","TYI","TYI","REP_RATE","Representative sub-central rate","2002","2002","PC","Percentage","0","Units",,,17.78,,
"FIN","Finland","L","L","TYI","TYI","REP_RATE","Representative sub-central rate","2003","2003","PC","Percentage","0","Units",,,18.03,,
"FIN","Finland","L","L","TYI","TYI","REP_RATE","Representative sub-central rate","2004","2004","PC","Percentage","0","Units",,,18.12,,
"FIN","Finland","L","L","TYI","TYI","REP_RATE","Representative sub-central rate","2005","2005","PC","Percentage","0","Units",,,18.3,,
"FIN","Finland","L","L","TYI","TYI","REP_RATE","Representative sub-central rate","2006","2006","PC","Percentage","0","Units",,,18.4,,
"FIN","Finland","L","L","TYI","TYI","REP_RATE","Representative sub-central rate","2007","2007","PC","Percentage","0","Units",,,18.46,,
"FIN","Finland","L","L","TYI","TYI","REP_RATE","Representative sub-central rate","2008","2008","PC","Percentage","0","Units",,,18.55,,
"FIN","Finland","L","L","TYI","TYI","REP_RATE","Representative sub-central rate","2009","2009","PC","Percentage","0","Units",,,18.59,,
"FIN","Finland","L","L","TYI","TYI","REP_RATE","Representative sub-central rate","2010","2010","PC","Percentage","0","Units",,,18.98,,
"FIN","Finland","L","L","TYI","TYI","REP_RATE","Representative sub-central rate","2011","2011","PC","Percentage","0","Units",,,19.17,,
"FIN","Finland","L","L","TYI","TYI","REP_RATE","Representative sub-central rate","2012","2012","PC","Percentage","0","Units",,,19.25,,
"FIN","Finland","L","L","TYI","TYI","REP_RATE","Representative sub-central rate","2013","2013","PC","Percentage","0","Units",,,19.38,,
"FIN","Finland","L","L","TYI","TYI","REP_RATE","Representative sub-central rate","2014","2014","PC","Percentage","0","Units",,,19.74,,
"FIN","Finland","L","L","TYI","TYI","REP_RATE","Representative sub-central rate","2015","2015","PC","Percentage","0","Units",,,19.84,,
"FIN","Finland","L","L","TYI","TYI","REP_RATE","Representative sub-central rate","2016","2016","PC","Percentage","0","Units",,,19.87,,
"FIN","Finland","L","L","TYI","TYI","REP_RATE","Representative sub-central rate","2017","2017","PC","Percentage","0","Units",,,19.91,,
"FIN","Finland","L","L","TYI","TYI","REP_RATE","Representative sub-central rate","2018","2018","PC","Percentage","0","Units",,,19.86,,
"FIN","Finland","L","L","TYI","TYI","REP_RATE","Representative sub-central rate","2019","2019","PC","Percentage","0","Units",,,19.88,,
"FIN","Finland","L","L","TYI","TYI","REP_RATE","Representative sub-central rate","2020","2020","PC","Percentage","0","Units",,,19.97,,
"FIN","Finland","L","L","TYI","TYI","REP_RATE","Representative sub-central rate","2021","2021","PC","Percentage","0","Units",,,20.02,,
"FIN","Finland","L","L","TYI","TYI","REP_RATE","Representative sub-central rate","2022","2022","PC","Percentage","0","Units",,,20.01,,
"FIN","Finland","L","L","TYI","TYI","MIN_RATE","Minimum sub-central rate","2000","2000","PC","Percentage","0","Units",,,15.5,,
"FIN","Finland","L","L","TYI","TYI","MIN_RATE","Minimum sub-central rate","2001","2001","PC","Percentage","0","Units",,,15,,
"FIN","Finland","L","L","TYI","TYI","MIN_RATE","Minimum sub-central rate","2002","2002","PC","Percentage","0","Units",,,15,,
"FIN","Finland","L","L","TYI","TYI","MIN_RATE","Minimum sub-central rate","2003","2003","PC","Percentage","0","Units",,,15.5,,
"FIN","Finland","L","L","TYI","TYI","MIN_RATE","Minimum sub-central rate","2004","2004","PC","Percentage","0","Units",,,16,,
"FIN","Finland","L","L","TYI","TYI","MIN_RATE","Minimum sub-central rate","2005","2005","PC","Percentage","0","Units",,,16,,
"FIN","Finland","L","L","TYI","TYI","MIN_RATE","Minimum sub-central rate","2006","2006","PC","Percentage","0","Units",,,16,,
"FIN","Finland","L","L","TYI","TYI","MIN_RATE","Minimum sub-central rate","2007","2007","PC","Percentage","0","Units",,,16,,
"FIN","Finland","L","L","TYI","TYI","MIN_RATE","Minimum sub-central rate","2008","2008","PC","Percentage","0","Units",,,16,,
"FIN","Finland","L","L","TYI","TYI","MIN_RATE","Minimum sub-central rate","2009","2009","PC","Percentage","0","Units",,,16.5,,
"FIN","Finland","L","L","TYI","TYI","MIN_RATE","Minimum sub-central rate","2010","2010","PC","Percentage","0","Units",,,16.25,,
"FIN","Finland","L","L","TYI","TYI","MIN_RATE","Minimum sub-central rate","2011","2011","PC","Percentage","0","Units",,,16.25,,
"FIN","Finland","L","L","TYI","TYI","MIN_RATE","Minimum sub-central rate","2012","2012","PC","Percentage","0","Units",,,16.25,,
"FIN","Finland","L","L","TYI","TYI","MIN_RATE","Minimum sub-central rate","2013","2013","PC","Percentage","0","Units",,,16.25,,
"FIN","Finland","L","L","TYI","TYI","MIN_RATE","Minimum sub-central rate","2014","2014","PC","Percentage","0","Units",,,16.5,,
"FIN","Finland","L","L","TYI","TYI","MIN_RATE","Minimum sub-central rate","2015","2015","PC","Percentage","0","Units",,,16.5,,
"FIN","Finland","L","L","TYI","TYI","MIN_RATE","Minimum sub-central rate","2016","2016","PC","Percentage","0","Units",,,16.5,,
"FIN","Finland","L","L","TYI","TYI","MIN_RATE","Minimum sub-central rate","2017","2017","PC","Percentage","0","Units",,,17,,
"FIN","Finland","L","L","TYI","TYI","MIN_RATE","Minimum sub-central rate","2018","2018","PC","Percentage","0","Units",,,17,,
"FIN","Finland","L","L","TYI","TYI","MIN_RATE","Minimum sub-central rate","2019","2019","PC","Percentage","0","Units",,,17,,
"FIN","Finland","L","L","TYI","TYI","MIN_RATE","Minimum sub-central rate","2020","2020","PC","Percentage","0","Units",,,17,,
"FIN","Finland","L","L","TYI","TYI","MIN_RATE","Minimum sub-central rate","2021","2021","PC","Percentage","0","Units",,,17,,
"FIN","Finland","L","L","TYI","TYI","MIN_RATE","Minimum sub-central rate","2022","2022","PC","Percentage","0","Units",,,17,,
"FIN","Finland","L","L","TYI","TYI","MAX_RATE","Maximum sub-central rate","2000","2000","PC","Percentage","0","Units",,,19.75,,
"FIN","Finland","L","L","TYI","TYI","MAX_RATE","Maximum sub-central rate","2001","2001","PC","Percentage","0","Units",,,19.75,,
"FIN","Finland","L","L","TYI","TYI","MAX_RATE","Maximum sub-central rate","2002","2002","PC","Percentage","0","Units",,,19.75,,
"FIN","Finland","L","L","TYI","TYI","MAX_RATE","Maximum sub-central rate","2003","2003","PC","Percentage","0","Units",,,20,,
"FIN","Finland","L","L","TYI","TYI","MAX_RATE","Maximum sub-central rate","2004","2004","PC","Percentage","0","Units",,,20,,
"FIN","Finland","L","L","TYI","TYI","MAX_RATE","Maximum sub-central rate","2005","2005","PC","Percentage","0","Units",,,21,,
"FIN","Finland","L","L","TYI","TYI","MAX_RATE","Maximum sub-central rate","2006","2006","PC","Percentage","0","Units",,,21,,
"FIN","Finland","L","L","TYI","TYI","MAX_RATE","Maximum sub-central rate","2007","2007","PC","Percentage","0","Units",,,21,,
"FIN","Finland","L","L","TYI","TYI","MAX_RATE","Maximum sub-central rate","2008","2008","PC","Percentage","0","Units",,,21,,
"FIN","Finland","L","L","TYI","TYI","MAX_RATE","Maximum sub-central rate","2009","2009","PC","Percentage","0","Units",,,21,,
"FIN","Finland","L","L","TYI","TYI","MAX_RATE","Maximum sub-central rate","2010","2010","PC","Percentage","0","Units",,,21,,
"FIN","Finland","L","L","TYI","TYI","MAX_RATE","Maximum sub-central rate","2011","2011","PC","Percentage","0","Units",,,21.5,,
"FIN","Finland","L","L","TYI","TYI","MAX_RATE","Maximum sub-central rate","2012","2012","PC","Percentage","0","Units",,,21.75,,
"FIN","Finland","L","L","TYI","TYI","MAX_RATE","Maximum sub-central rate","2013","2013","PC","Percentage","0","Units",,,22,,
"FIN","Finland","L","L","TYI","TYI","MAX_RATE","Maximum sub-central rate","2014","2014","PC","Percentage","0","Units",,,22.5,,
"FIN","Finland","L","L","TYI","TYI","MAX_RATE","Maximum sub-central rate","2015","2015","PC","Percentage","0","Units",,,22.5,,
"FIN","Finland","L","L","TYI","TYI","MAX_RATE","Maximum sub-central rate","2016","2016","PC","Percentage","0","Units",,,22.5,,
"FIN","Finland","L","L","TYI","TYI","MAX_RATE","Maximum sub-central rate","2017","2017","PC","Percentage","0","Units",,,22.5,,
"FIN","Finland","L","L","TYI","TYI","MAX_RATE","Maximum sub-central rate","2018","2018","PC","Percentage","0","Units",,,22.5,,
"FIN","Finland","L","L","TYI","TYI","MAX_RATE","Maximum sub-central rate","2019","2019","PC","Percentage","0","Units",,,22.5,,
"FIN","Finland","L","L","TYI","TYI","MAX_RATE","Maximum sub-central rate","2020","2020","PC","Percentage","0","Units",,,23.5,,
"FIN","Finland","L","L","TYI","TYI","MAX_RATE","Maximum sub-central rate","2021","2021","PC","Percentage","0","Units",,,23.5,,
"FIN","Finland","L","L","TYI","TYI","MAX_RATE","Maximum sub-central rate","2022","2022","PC","Percentage","0","Units",,,23.5,,
"ISL","Iceland ","L","L","TY","TY","REP_RATE","Representative sub-central rate","2000","2000","PC","Percentage","0","Units",,,11.96,,
"ISL","Iceland ","L","L","TY","TY","REP_RATE","Representative sub-central rate","2001","2001","PC","Percentage","0","Units",,,12.68,,
"ISL","Iceland ","L","L","TY","TY","REP_RATE","Representative sub-central rate","2002","2002","PC","Percentage","0","Units",,,12.79,,
"ISL","Iceland ","L","L","TY","TY","REP_RATE","Representative sub-central rate","2003","2003","PC","Percentage","0","Units",,,12.8,,
"ISL","Iceland ","L","L","TY","TY","REP_RATE","Representative sub-central rate","2004","2004","PC","Percentage","0","Units",,,12.83,,
"ISL","Iceland ","L","L","TY","TY","REP_RATE","Representative sub-central rate","2005","2005","PC","Percentage","0","Units",,,12.98,,
"ISL","Iceland ","L","L","TY","TY","REP_RATE","Representative sub-central rate","2006","2006","PC","Percentage","0","Units",,,12.97,,
"ISL","Iceland ","L","L","TY","TY","REP_RATE","Representative sub-central rate","2007","2007","PC","Percentage","0","Units",,,12.97,,
"ISL","Iceland ","L","L","TY","TY","REP_RATE","Representative sub-central rate","2008","2008","PC","Percentage","0","Units",,,12.97,,
"ISL","Iceland ","L","L","TY","TY","REP_RATE","Representative sub-central rate","2009","2009","PC","Percentage","0","Units",,,13.12,,
"ISL","Iceland ","L","L","TY","TY","REP_RATE","Representative sub-central rate","2010","2010","PC","Percentage","0","Units",,,13.12,,
"ISL","Iceland ","L","L","TY","TY","REP_RATE","Representative sub-central rate","2011","2011","PC","Percentage","0","Units",,,14.41,,
"ISL","Iceland ","L","L","TY","TY","REP_RATE","Representative sub-central rate","2012","2012","PC","Percentage","0","Units",,,14.44,,
"ISL","Iceland ","L","L","TY","TY","REP_RATE","Representative sub-central rate","2013","2013","PC","Percentage","0","Units",,,14.42,,
"ISL","Iceland ","L","L","TY","TY","REP_RATE","Representative sub-central rate","2014","2014","PC","Percentage","0","Units",,,14.44,,
"ISL","Iceland ","L","L","TY","TY","REP_RATE","Representative sub-central rate","2015","2015","PC","Percentage","0","Units",,,14.44,,
"ISL","Iceland ","L","L","TY","TY","REP_RATE","Representative sub-central rate","2016","2016","PC","Percentage","0","Units",,,14.45,,
"ISL","Iceland ","L","L","TY","TY","REP_RATE","Representative sub-central rate","2017","2017","PC","Percentage","0","Units",,,14.44,,
"ISL","Iceland ","L","L","TY","TY","REP_RATE","Representative sub-central rate","2018","2018","PC","Percentage","0","Units",,,14.44,,
"ISL","Iceland ","L","L","TY","TY","REP_RATE","Representative sub-central rate","2019","2019","PC","Percentage","0","Units",,,14.44,,
"ISL","Iceland ","L","L","TY","TY","REP_RATE","Representative sub-central rate","2020","2020","PC","Percentage","0","Units",,,14.44,,
"ISL","Iceland ","L","L","TY","TY","REP_RATE","Representative sub-central rate","2021","2021","PC","Percentage","0","Units",,,14.45,,
"ISL","Iceland ","L","L","TY","TY","REP_RATE","Representative sub-central rate","2022","2022","PC","Percentage","0","Units",,,14.45,,
"ISL","Iceland ","L","L","TY","TY","MIN_RATE","Minimum sub-central rate","2000","2000","PC","Percentage","0","Units",,,11.24,,
"ISL","Iceland ","L","L","TY","TY","MIN_RATE","Minimum sub-central rate","2001","2001","PC","Percentage","0","Units",,,11.24,,
"ISL","Iceland ","L","L","TY","TY","MIN_RATE","Minimum sub-central rate","2002","2002","PC","Percentage","0","Units",,,11.24,,
"ISL","Iceland ","L","L","TY","TY","MIN_RATE","Minimum sub-central rate","2003","2003","PC","Percentage","0","Units",,,11.24,,
"ISL","Iceland ","L","L","TY","TY","MIN_RATE","Minimum sub-central rate","2004","2004","PC","Percentage","0","Units",,,11.24,,
"ISL","Iceland ","L","L","TY","TY","MIN_RATE","Minimum sub-central rate","2005","2005","PC","Percentage","0","Units",,,11.24,,
"ISL","Iceland ","L","L","TY","TY","MIN_RATE","Minimum sub-central rate","2006","2006","PC","Percentage","0","Units",,,11.24,,
"ISL","Iceland ","L","L","TY","TY","MIN_RATE","Minimum sub-central rate","2007","2007","PC","Percentage","0","Units",,,11.24,,
"ISL","Iceland ","L","L","TY","TY","MIN_RATE","Minimum sub-central rate","2008","2008","PC","Percentage","0","Units",,,11.24,,
"ISL","Iceland ","L","L","TY","TY","MIN_RATE","Minimum sub-central rate","2009","2009","PC","Percentage","0","Units",,,11.24,,
"ISL","Iceland ","L","L","TY","TY","MIN_RATE","Minimum sub-central rate","2010","2010","PC","Percentage","0","Units",,,11.24,,
"ISL","Iceland ","L","L","TY","TY","MIN_RATE","Minimum sub-central rate","2011","2011","PC","Percentage","0","Units",,,12.44,,
"ISL","Iceland ","L","L","TY","TY","MIN_RATE","Minimum sub-central rate","2012","2012","PC","Percentage","0","Units",,,12.44,,
"ISL","Iceland ","L","L","TY","TY","MIN_RATE","Minimum sub-central rate","2013","2013","PC","Percentage","0","Units",,,12.44,,
"ISL","Iceland ","L","L","TY","TY","MIN_RATE","Minimum sub-central rate","2014","2014","PC","Percentage","0","Units",,,12.44,,
"ISL","Iceland ","L","L","TY","TY","MIN_RATE","Minimum sub-central rate","2015","2015","PC","Percentage","0","Units",,,12.44,,
"ISL","Iceland ","L","L","TY","TY","MIN_RATE","Minimum sub-central rate","2016","2016","PC","Percentage","0","Units",,,12.44,,
"ISL","Iceland ","L","L","TY","TY","MIN_RATE","Minimum sub-central rate","2017","2017","PC","Percentage","0","Units",,,12.44,,
"ISL","Iceland ","L","L","TY","TY","MIN_RATE","Minimum sub-central rate","2018","2018","PC","Percentage","0","Units",,,12.44,,
"ISL","Iceland ","L","L","TY","TY","MIN_RATE","Minimum sub-central rate","2019","2019","PC","Percentage","0","Units",,,12.44,,
"ISL","Iceland ","L","L","TY","TY","MIN_RATE","Minimum sub-central rate","2020","2020","PC","Percentage","0","Units",,,12.44,,
"ISL","Iceland ","L","L","TY","TY","MIN_RATE","Minimum sub-central rate","2021","2021","PC","Percentage","0","Units",,,12.44,,
"ISL","Iceland ","L","L","TY","TY","MIN_RATE","Minimum sub-central rate","2022","2022","PC","Percentage","0","Units",,,12.44,,
"ISL","Iceland ","L","L","TY","TY","MAX_RATE","Maximum sub-central rate","2000","2000","PC","Percentage","0","Units",,,12.04,,
"ISL","Iceland ","L","L","TY","TY","MAX_RATE","Maximum sub-central rate","2001","2001","PC","Percentage","0","Units",,,12.7,,
"ISL","Iceland ","L","L","TY","TY","MAX_RATE","Maximum sub-central rate","2002","2002","PC","Percentage","0","Units",,,13.03,,
"ISL","Iceland ","L","L","TY","TY","MAX_RATE","Maximum sub-central rate","2003","2003","PC","Percentage","0","Units",,,13.03,,
"ISL","Iceland ","L","L","TY","TY","MAX_RATE","Maximum sub-central rate","2004","2004","PC","Percentage","0","Units",,,13.03,,
"ISL","Iceland ","L","L","TY","TY","MAX_RATE","Maximum sub-central rate","2005","2005","PC","Percentage","0","Units",,,13.03,,
"ISL","Iceland ","L","L","TY","TY","MAX_RATE","Maximum sub-central rate","2006","2006","PC","Percentage","0","Units",,,13.03,,
"ISL","Iceland ","L","L","TY","TY","MAX_RATE","Maximum sub-central rate","2007","2007","PC","Percentage","0","Units",,,13.03,,
"ISL","Iceland ","L","L","TY","TY","MAX_RATE","Maximum sub-central rate","2008","2008","PC","Percentage","0","Units",,,13.03,,
"ISL","Iceland ","L","L","TY","TY","MAX_RATE","Maximum sub-central rate","2009","2009","PC","Percentage","0","Units",,,13.28,,
"ISL","Iceland ","L","L","TY","TY","MAX_RATE","Maximum sub-central rate","2010","2010","PC","Percentage","0","Units",,,13.28,,
"ISL","Iceland ","L","L","TY","TY","MAX_RATE","Maximum sub-central rate","2011","2011","PC","Percentage","0","Units",,,14.48,,
"ISL","Iceland ","L","L","TY","TY","MAX_RATE","Maximum sub-central rate","2012","2012","PC","Percentage","0","Units",,,14.48,,
"ISL","Iceland ","L","L","TY","TY","MAX_RATE","Maximum sub-central rate","2013","2013","PC","Percentage","0","Units",,,14.48,,
"ISL","Iceland ","L","L","TY","TY","MAX_RATE","Maximum sub-central rate","2014","2014","PC","Percentage","0","Units",,,14.52,,
"ISL","Iceland ","L","L","TY","TY","MAX_RATE","Maximum sub-central rate","2015","2015","PC","Percentage","0","Units",,,14.52,,
"ISL","Iceland ","L","L","TY","TY","MAX_RATE","Maximum sub-central rate","2016","2016","PC","Percentage","0","Units",,,14.52,,
"ISL","Iceland ","L","L","TY","TY","MAX_RATE","Maximum sub-central rate","2017","2017","PC","Percentage","0","Units",,,14.52,,
"ISL","Iceland ","L","L","TY","TY","MAX_RATE","Maximum sub-central rate","2018","2018","PC","Percentage","0","Units",,,14.52,,
"ISL","Iceland ","L","L","TY","TY","MAX_RATE","Maximum sub-central rate","2019","2019","PC","Percentage","0","Units",,,14.52,,
"ISL","Iceland ","L","L","TY","TY","MAX_RATE","Maximum sub-central rate","2020","2020","PC","Percentage","0","Units",,,14.52,,
"ISL","Iceland ","L","L","TY","TY","MAX_RATE","Maximum sub-central rate","2021","2021","PC","Percentage","0","Units",,,14.52,,
"ISL","Iceland ","L","L","TY","TY","MAX_RATE","Maximum sub-central rate","2022","2022","PC","Percentage","0","Units",,,14.52,,
"ITA","Italy","L","L","TY","TY","REP_RATE","Representative sub-central rate","2000","2000","PC","Percentage","0","Units",,,0.9,,
"ITA","Italy","L","L","TY","TY","REP_RATE","Representative sub-central rate","2001","2001","PC","Percentage","0","Units",,,0.9,,
"ITA","Italy","L","L","TY","TY","REP_RATE","Representative sub-central rate","2002","2002","PC","Percentage","0","Units",,,1.1,,
"ITA","Italy","L","L","TY","TY","REP_RATE","Representative sub-central rate","2003","2003","PC","Percentage","0","Units",,,1.1,,
"ITA","Italy","L","L","TY","TY","REP_RATE","Representative sub-central rate","2004","2004","PC","Percentage","0","Units",,,1.1,,
"ITA","Italy","L","L","TY","TY","REP_RATE","Representative sub-central rate","2005","2005","PC","Percentage","0","Units",,,1.1,,
"ITA","Italy","L","L","TY","TY","REP_RATE","Representative sub-central rate","2006","2006","PC","Percentage","0","Units",,,1.1,,
"ITA","Italy","L","L","TY","TY","REP_RATE","Representative sub-central rate","2007","2007","PC","Percentage","0","Units",,,1.9,,
"ITA","Italy","L","L","TY","TY","REP_RATE","Representative sub-central rate","2008","2008","PC","Percentage","0","Units",,,1.9,,
"ITA","Italy","L","L","TY","TY","REP_RATE","Representative sub-central rate","2009","2009","PC","Percentage","0","Units",,,1.9,,
"ITA","Italy","L","L","TY","TY","REP_RATE","Representative sub-central rate","2010","2010","PC","Percentage","0","Units",,,1.9,,
"ITA","Italy","L","L","TY","TY","REP_RATE","Representative sub-central rate","2011","2011","PC","Percentage","0","Units",,,1.7,,
"ITA","Italy","L","L","TY","TY","REP_RATE","Representative sub-central rate","2012","2012","PC","Percentage","0","Units",,,1.73,,
"ITA","Italy","L","L","TY","TY","REP_RATE","Representative sub-central rate","2013","2013","PC","Percentage","0","Units",,,1.73,,
"ITA","Italy","L","L","TY","TY","REP_RATE","Representative sub-central rate","2014","2014","PC","Percentage","0","Units",,,2.33,,
"ITA","Italy","L","L","TY","TY","REP_RATE","Representative sub-central rate","2015","2015","PC","Percentage","0","Units",,,3.33,,
"ITA","Italy","L","L","TY","TY","REP_RATE","Representative sub-central rate","2016","2016","PC","Percentage","0","Units",,,3.33,,
"ITA","Italy","L","L","TY","TY","REP_RATE","Representative sub-central rate","2017","2017","PC","Percentage","0","Units",,,3.33,,
"ITA","Italy","L","L","TY","TY","REP_RATE","Representative sub-central rate","2018","2018","PC","Percentage","0","Units",,,3.33,,
"ITA","Italy","L","L","TY","TY","REP_RATE","Representative sub-central rate","2019","2019","PC","Percentage","0","Units",,,3.33,,
"ITA","Italy","L","L","TY","TY","REP_RATE","Representative sub-central rate","2020","2020","PC","Percentage","0","Units",,,3.33,,
"ITA","Italy","L","L","TY","TY","REP_RATE","Representative sub-central rate","2021","2021","PC","Percentage","0","Units",,,3.33,,
"ITA","Italy","L","L","TY","TY","REP_RATE","Representative sub-central rate","2022","2022","PC","Percentage","0","Units",,,3.33,,
"ITA","Italy","L","L","TY","TY","MIN_RATE","Minimum sub-central rate","2000","2000","PC","Percentage","0","Units",,,0.9,,
"ITA","Italy","L","L","TY","TY","MIN_RATE","Minimum sub-central rate","2001","2001","PC","Percentage","0","Units",,,0.9,,
"ITA","Italy","L","L","TY","TY","MIN_RATE","Minimum sub-central rate","2002","2002","PC","Percentage","0","Units",,,0.9,,
"ITA","Italy","L","L","TY","TY","MIN_RATE","Minimum sub-central rate","2003","2003","PC","Percentage","0","Units",,,0.9,,
"ITA","Italy","L","L","TY","TY","MIN_RATE","Minimum sub-central rate","2004","2004","PC","Percentage","0","Units",,,0.9,,
"ITA","Italy","L","L","TY","TY","MIN_RATE","Minimum sub-central rate","2005","2005","PC","Percentage","0","Units",,,0.9,,
"ITA","Italy","L","L","TY","TY","MIN_RATE","Minimum sub-central rate","2006","2006","PC","Percentage","0","Units",,,0.9,,
"ITA","Italy","L","L","TY","TY","MIN_RATE","Minimum sub-central rate","2007","2007","PC","Percentage","0","Units",,,0.9,,
"ITA","Italy","L","L","TY","TY","MIN_RATE","Minimum sub-central rate","2008","2008","PC","Percentage","0","Units",,,0.9,,
"ITA","Italy","L","L","TY","TY","MIN_RATE","Minimum sub-central rate","2009","2009","PC","Percentage","0","Units",,,0.9,,
"ITA","Italy","L","L","TY","TY","MIN_RATE","Minimum sub-central rate","2010","2010","PC","Percentage","0","Units",,,0.9,,
"ITA","Italy","L","L","TY","TY","MIN_RATE","Minimum sub-central rate","2011","2011","PC","Percentage","0","Units",,,0.9,,
"ITA","Italy","L","L","TY","TY","MIN_RATE","Minimum sub-central rate","2012","2012","PC","Percentage","0","Units",,,1.23,,
"ITA","Italy","L","L","TY","TY","MIN_RATE","Minimum sub-central rate","2013","2013","PC","Percentage","0","Units",,,1.23,,
"ITA","Italy","L","L","TY","TY","MIN_RATE","Minimum sub-central rate","2014","2014","PC","Percentage","0","Units",,,1.23,,
"ITA","Italy","L","L","TY","TY","MIN_RATE","Minimum sub-central rate","2015","2015","PC","Percentage","0","Units",,,1.23,,
"ITA","Italy","L","L","TY","TY","MIN_RATE","Minimum sub-central rate","2016","2016","PC","Percentage","0","Units",,,1.23,,
"ITA","Italy","L","L","TY","TY","MIN_RATE","Minimum sub-central rate","2017","2017","PC","Percentage","0","Units",,,1.23,,
"ITA","Italy","L","L","TY","TY","MIN_RATE","Minimum sub-central rate","2018","2018","PC","Percentage","0","Units",,,1.73,,
"ITA","Italy","L","L","TY","TY","MIN_RATE","Minimum sub-central rate","2019","2019","PC","Percentage","0","Units",,,1.73,,
"ITA","Italy","L","L","TY","TY","MIN_RATE","Minimum sub-central rate","2020","2020","PC","Percentage","0","Units",,,1.73,,
"ITA","Italy","L","L","TY","TY","MIN_RATE","Minimum sub-central rate","2021","2021","PC","Percentage","0","Units",,,1.73,,
"ITA","Italy","L","L","TY","TY","MIN_RATE","Minimum sub-central rate","2022","2022","PC","Percentage","0","Units",,,1.73,,
"ITA","Italy","L","L","TY","TY","MAX_RATE","Maximum sub-central rate","2000","2000","PC","Percentage","0","Units",,,1.8,,
"ITA","Italy","L","L","TY","TY","MAX_RATE","Maximum sub-central rate","2001","2001","PC","Percentage","0","Units",,,1.9,,
"ITA","Italy","L","L","TY","TY","MAX_RATE","Maximum sub-central rate","2002","2002","PC","Percentage","0","Units",,,1.9,,
"ITA","Italy","L","L","TY","TY","MAX_RATE","Maximum sub-central rate","2003","2003","PC","Percentage","0","Units",,,1.9,,
"ITA","Italy","L","L","TY","TY","MAX_RATE","Maximum sub-central rate","2004","2004","PC","Percentage","0","Units",,,1.9,,
"ITA","Italy","L","L","TY","TY","MAX_RATE","Maximum sub-central rate","2005","2005","PC","Percentage","0","Units",,,1.9,,
"ITA","Italy","L","L","TY","TY","MAX_RATE","Maximum sub-central rate","2006","2006","PC","Percentage","0","Units",,,1.9,,
"ITA","Italy","L","L","TY","TY","MAX_RATE","Maximum sub-central rate","2007","2007","PC","Percentage","0","Units",,,1.9,,
"ITA","Italy","L","L","TY","TY","MAX_RATE","Maximum sub-central rate","2008","2008","PC","Percentage","0","Units",,,1.9,,
"ITA","Italy","L","L","TY","TY","MAX_RATE","Maximum sub-central rate","2009","2009","PC","Percentage","0","Units",,,1.9,,
"ITA","Italy","L","L","TY","TY","MAX_RATE","Maximum sub-central rate","2010","2010","PC","Percentage","0","Units",,,2.2,,
"ITA","Italy","L","L","TY","TY","MAX_RATE","Maximum sub-central rate","2011","2011","PC","Percentage","0","Units",,,2.2,,
"ITA","Italy","L","L","TY","TY","MAX_RATE","Maximum sub-central rate","2012","2012","PC","Percentage","0","Units",,,2.23,,
"ITA","Italy","L","L","TY","TY","MAX_RATE","Maximum sub-central rate","2013","2013","PC","Percentage","0","Units",,,2.23,,
"ITA","Italy","L","L","TY","TY","MAX_RATE","Maximum sub-central rate","2014","2014","PC","Percentage","0","Units",,,2.83,,
"ITA","Italy","L","L","TY","TY","MAX_RATE","Maximum sub-central rate","2015","2015","PC","Percentage","0","Units",,,3.83,,
"ITA","Italy","L","L","TY","TY","MAX_RATE","Maximum sub-central rate","2016","2016","PC","Percentage","0","Units",,,3.83,,
"ITA","Italy","L","L","TY","TY","MAX_RATE","Maximum sub-central rate","2017","2017","PC","Percentage","0","Units",,,3.83,,
"ITA","Italy","L","L","TY","TY","MAX_RATE","Maximum sub-central rate","2018","2018","PC","Percentage","0","Units",,,3.33,,
"ITA","Italy","L","L","TY","TY","MAX_RATE","Maximum sub-central rate","2019","2019","PC","Percentage","0","Units",,,3.33,,
"ITA","Italy","L","L","TY","TY","MAX_RATE","Maximum sub-central rate","2020","2020","PC","Percentage","0","Units",,,3.33,,
"ITA","Italy","L","L","TY","TY","MAX_RATE","Maximum sub-central rate","2021","2021","PC","Percentage","0","Units",,,3.33,,
"ITA","Italy","L","L","TY","TY","MAX_RATE","Maximum sub-central rate","2022","2022","PC","Percentage","0","Units",,,3.33,,
"JPN","Japan","L","L","TYS","TYs","PERS_AL","Sub-central personal allowance","2007","2007","NATCUR","National currency","0","Units",,,330000,,
"JPN","Japan","L","L","TYS","TYs","PERS_AL","Sub-central personal allowance","2008","2008","NATCUR","National currency","0","Units",,,330000,,
"JPN","Japan","L","L","TYS","TYs","PERS_AL","Sub-central personal allowance","2009","2009","NATCUR","National currency","0","Units",,,330000,,
"JPN","Japan","L","L","TYS","TYs","PERS_AL","Sub-central personal allowance","2010","2010","NATCUR","National currency","0","Units",,,330000,,
"JPN","Japan","L","L","TYS","TYs","PERS_AL","Sub-central personal allowance","2011","2011","NATCUR","National currency","0","Units",,,333000,,
"JPN","Japan","L","L","TYS","TYs","PERS_AL","Sub-central personal allowance","2012","2012","NATCUR","National currency","0","Units",,,330000,,
"JPN","Japan","L","L","TYS","TYs","PERS_AL","Sub-central personal allowance","2013","2013","NATCUR","National currency","0","Units",,,330000,,
"JPN","Japan","L","L","TYS","TYs","PERS_AL","Sub-central personal allowance","2014","2014","NATCUR","National currency","0","Units",,,330000,,
"JPN","Japan","L","L","TYS","TYs","PERS_AL","Sub-central personal allowance","2015","2015","NATCUR","National currency","0","Units",,,330000,,
"JPN","Japan","L","L","TYS","TYs","PERS_AL","Sub-central personal allowance","2016","2016","NATCUR","National currency","0","Units",,,330000,,
"JPN","Japan","L","L","TYS","TYs","PERS_AL","Sub-central personal allowance","2017","2017","NATCUR","National currency","0","Units",,,330000,,
"JPN","Japan","L","L","TYS","TYs","PERS_AL","Sub-central personal allowance","2018","2018","NATCUR","National currency","0","Units",,,330000,,
"JPN","Japan","L","L","TYS","TYs","PERS_AL","Sub-central personal allowance","2019","2019","NATCUR","National currency","0","Units",,,330000,,
"JPN","Japan","L","L","TYS","TYs","PERS_AL","Sub-central personal allowance","2020","2020","NATCUR","National currency","0","Units",,,330000,,
"JPN","Japan","L","L","TYS","TYs","PERS_AL","Sub-central personal allowance","2021","2021","NATCUR","National currency","0","Units",,,330000,,
"JPN","Japan","L","L","TYS","TYs","PERS_AL","Sub-central personal allowance","2022","2022","NATCUR","National currency","0","Units",,,430000,,
"JPN","Japan","L","L","TYS","TYs","REP_RATE","Representative sub-central rate","2007","2007","PC","Percentage","0","Units",,,10,,
"JPN","Japan","L","L","TYS","TYs","REP_RATE","Representative sub-central rate","2008","2008","PC","Percentage","0","Units",,,10,,
"JPN","Japan","L","L","TYS","TYs","REP_RATE","Representative sub-central rate","2009","2009","PC","Percentage","0","Units",,,10,,
"JPN","Japan","L","L","TYS","TYs","REP_RATE","Representative sub-central rate","2010","2010","PC","Percentage","0","Units",,,10,,
"JPN","Japan","L","L","TYS","TYs","REP_RATE","Representative sub-central rate","2011","2011","PC","Percentage","0","Units",,,10,,
"JPN","Japan","L","L","TYS","TYs","REP_RATE","Representative sub-central rate","2012","2012","PC","Percentage","0","Units",,,10,,
"JPN","Japan","L","L","TYS","TYs","REP_RATE","Representative sub-central rate","2013","2013","PC","Percentage","0","Units",,,10,,
"JPN","Japan","L","L","TYS","TYs","REP_RATE","Representative sub-central rate","2014","2014","PC","Percentage","0","Units",,,10,,
"JPN","Japan","L","L","TYS","TYs","REP_RATE","Representative sub-central rate","2015","2015","PC","Percentage","0","Units",,,10,,
"JPN","Japan","L","L","TYS","TYs","REP_RATE","Representative sub-central rate","2016","2016","PC","Percentage","0","Units",,,10,,
"JPN","Japan","L","L","TYS","TYs","REP_RATE","Representative sub-central rate","2017","2017","PC","Percentage","0","Units",,,10,,
"JPN","Japan","L","L","TYS","TYs","REP_RATE","Representative sub-central rate","2018","2018","PC","Percentage","0","Units",,,10,,
"JPN","Japan","L","L","TYS","TYs","REP_RATE","Representative sub-central rate","2019","2019","PC","Percentage","0","Units",,,10,,
"JPN","Japan","L","L","TYS","TYs","REP_RATE","Representative sub-central rate","2020","2020","PC","Percentage","0","Units",,,10,,
"JPN","Japan","L","L","TYS","TYs","REP_RATE","Representative sub-central rate","2021","2021","PC","Percentage","0","Units",,,10,,
"JPN","Japan","L","L","TYS","TYs","REP_RATE","Representative sub-central rate","2022","2022","PC","Percentage","0","Units",,,10,,
"KOR","Korea","L","L","CT","CT","REP_RATE","Representative sub-central rate","2000","2000","PC","Percentage","0","Units",,,10,,
"KOR","Korea","L","L","CT","CT","REP_RATE","Representative sub-central rate","2001","2001","PC","Percentage","0","Units",,,10,,
"KOR","Korea","L","L","CT","CT","REP_RATE","Representative sub-central rate","2002","2002","PC","Percentage","0","Units",,,10,,
"KOR","Korea","L","L","CT","CT","REP_RATE","Representative sub-central rate","2003","2003","PC","Percentage","0","Units",,,10,,
"KOR","Korea","L","L","CT","CT","REP_RATE","Representative sub-central rate","2004","2004","PC","Percentage","0","Units",,,10,,
"KOR","Korea","L","L","CT","CT","REP_RATE","Representative sub-central rate","2005","2005","PC","Percentage","0","Units",,,10,,
"KOR","Korea","L","L","CT","CT","REP_RATE","Representative sub-central rate","2006","2006","PC","Percentage","0","Units",,,10,,
"KOR","Korea","L","L","CT","CT","REP_RATE","Representative sub-central rate","2007","2007","PC","Percentage","0","Units",,,10,,
"KOR","Korea","L","L","CT","CT","REP_RATE","Representative sub-central rate","2008","2008","PC","Percentage","0","Units",,,10,,
"KOR","Korea","L","L","CT","CT","REP_RATE","Representative sub-central rate","2009","2009","PC","Percentage","0","Units",,,10,,
"KOR","Korea","L","L","CT","CT","REP_RATE","Representative sub-central rate","2010","2010","PC","Percentage","0","Units",,,10,,
"KOR","Korea","L","L","CT","CT","REP_RATE","Representative sub-central rate","2011","2011","PC","Percentage","0","Units",,,10,,
"KOR","Korea","L","L","CT","CT","REP_RATE","Representative sub-central rate","2012","2012","PC","Percentage","0","Units",,,10,,
"KOR","Korea","L","L","CT","CT","REP_RATE","Representative sub-central rate","2013","2013","PC","Percentage","0","Units",,,10,,
"KOR","Korea","L","L","CT","CT","REP_RATE","Representative sub-central rate","2014","2014","PC","Percentage","0","Units",,,10,,
"KOR","Korea","L","L","CT","CT","REP_RATE","Representative sub-central rate","2015","2015","PC","Percentage","0","Units",,,10,,
"KOR","Korea","L","L","CT","CT","REP_RATE","Representative sub-central rate","2016","2016","PC","Percentage","0","Units",,,10,,
"KOR","Korea","L","L","CT","CT","REP_RATE","Representative sub-central rate","2017","2017","PC","Percentage","0","Units",,,10,,
"KOR","Korea","L","L","CT","CT","REP_RATE","Representative sub-central rate","2018","2018","PC","Percentage","0","Units",,,10,,
"KOR","Korea","L","L","CT","CT","REP_RATE","Representative sub-central rate","2019","2019","PC","Percentage","0","Units",,,10,,
"KOR","Korea","L","L","CT","CT","REP_RATE","Representative sub-central rate","2020","2020","PC","Percentage","0","Units",,,10,,
"KOR","Korea","L","L","CT","CT","REP_RATE","Representative sub-central rate","2021","2021","PC","Percentage","0","Units",,,10,,
"KOR","Korea","L","L","CT","CT","REP_RATE","Representative sub-central rate","2022","2022","PC","Percentage","0","Units",,,10,,
"KOR","Korea","L","L","CT","CT","MIN_RATE","Minimum sub-central rate","2000","2000","PC","Percentage","0","Units",,,5,,
"KOR","Korea","L","L","CT","CT","MIN_RATE","Minimum sub-central rate","2001","2001","PC","Percentage","0","Units",,,5,,
"KOR","Korea","L","L","CT","CT","MIN_RATE","Minimum sub-central rate","2002","2002","PC","Percentage","0","Units",,,5,,
"KOR","Korea","L","L","CT","CT","MIN_RATE","Minimum sub-central rate","2003","2003","PC","Percentage","0","Units",,,5,,
"KOR","Korea","L","L","CT","CT","MIN_RATE","Minimum sub-central rate","2004","2004","PC","Percentage","0","Units",,,5,,
"KOR","Korea","L","L","CT","CT","MIN_RATE","Minimum sub-central rate","2005","2005","PC","Percentage","0","Units",,,5,,
"KOR","Korea","L","L","CT","CT","MIN_RATE","Minimum sub-central rate","2006","2006","PC","Percentage","0","Units",,,5,,
"KOR","Korea","L","L","CT","CT","MIN_RATE","Minimum sub-central rate","2007","2007","PC","Percentage","0","Units",,,5,,
"KOR","Korea","L","L","CT","CT","MIN_RATE","Minimum sub-central rate","2008","2008","PC","Percentage","0","Units",,,5,,
"KOR","Korea","L","L","CT","CT","MIN_RATE","Minimum sub-central rate","2009","2009","PC","Percentage","0","Units",,,5,,
"KOR","Korea","L","L","CT","CT","MIN_RATE","Minimum sub-central rate","2010","2010","PC","Percentage","0","Units",,,5,,
"KOR","Korea","L","L","CT","CT","MIN_RATE","Minimum sub-central rate","2011","2011","PC","Percentage","0","Units",,,5,,
"KOR","Korea","L","L","CT","CT","MIN_RATE","Minimum sub-central rate","2012","2012","PC","Percentage","0","Units",,,5,,
"KOR","Korea","L","L","CT","CT","MIN_RATE","Minimum sub-central rate","2013","2013","PC","Percentage","0","Units",,,5,,
"KOR","Korea","L","L","CT","CT","MIN_RATE","Minimum sub-central rate","2014","2014","PC","Percentage","0","Units",,,5,,
"KOR","Korea","L","L","CT","CT","MIN_RATE","Minimum sub-central rate","2015","2015","PC","Percentage","0","Units",,,5,,
"KOR","Korea","L","L","CT","CT","MIN_RATE","Minimum sub-central rate","2016","2016","PC","Percentage","0","Units",,,5,,
"KOR","Korea","L","L","CT","CT","MIN_RATE","Minimum sub-central rate","2017","2017","PC","Percentage","0","Units",,,5,,
"KOR","Korea","L","L","CT","CT","MIN_RATE","Minimum sub-central rate","2018","2018","PC","Percentage","0","Units",,,5,,
"KOR","Korea","L","L","CT","CT","MIN_RATE","Minimum sub-central rate","2019","2019","PC","Percentage","0","Units",,,5,,
"KOR","Korea","L","L","CT","CT","MIN_RATE","Minimum sub-central rate","2020","2020","PC","Percentage","0","Units",,,5,,
"KOR","Korea","L","L","CT","CT","MIN_RATE","Minimum sub-central rate","2021","2021","PC","Percentage","0","Units",,,5,,
"KOR","Korea","L","L","CT","CT","MIN_RATE","Minimum sub-central rate","2022","2022","PC","Percentage","0","Units",,,5,,
"KOR","Korea","L","L","CT","CT","MAX_RATE","Maximum sub-central rate","2000","2000","PC","Percentage","0","Units",,,15,,
"KOR","Korea","L","L","CT","CT","MAX_RATE","Maximum sub-central rate","2001","2001","PC","Percentage","0","Units",,,15,,
"KOR","Korea","L","L","CT","CT","MAX_RATE","Maximum sub-central rate","2002","2002","PC","Percentage","0","Units",,,15,,
"KOR","Korea","L","L","CT","CT","MAX_RATE","Maximum sub-central rate","2003","2003","PC","Percentage","0","Units",,,15,,
"KOR","Korea","L","L","CT","CT","MAX_RATE","Maximum sub-central rate","2004","2004","PC","Percentage","0","Units",,,15,,
"KOR","Korea","L","L","CT","CT","MAX_RATE","Maximum sub-central rate","2005","2005","PC","Percentage","0","Units",,,15,,
"KOR","Korea","L","L","CT","CT","MAX_RATE","Maximum sub-central rate","2006","2006","PC","Percentage","0","Units",,,15,,
"KOR","Korea","L","L","CT","CT","MAX_RATE","Maximum sub-central rate","2007","2007","PC","Percentage","0","Units",,,15,,
"KOR","Korea","L","L","CT","CT","MAX_RATE","Maximum sub-central rate","2008","2008","PC","Percentage","0","Units",,,15,,
"KOR","Korea","L","L","CT","CT","MAX_RATE","Maximum sub-central rate","2009","2009","PC","Percentage","0","Units",,,15,,
"KOR","Korea","L","L","CT","CT","MAX_RATE","Maximum sub-central rate","2010","2010","PC","Percentage","0","Units",,,15,,
"KOR","Korea","L","L","CT","CT","MAX_RATE","Maximum sub-central rate","2011","2011","PC","Percentage","0","Units",,,15,,
"KOR","Korea","L","L","CT","CT","MAX_RATE","Maximum sub-central rate","2012","2012","PC","Percentage","0","Units",,,15,,
"KOR","Korea","L","L","CT","CT","MAX_RATE","Maximum sub-central rate","2013","2013","PC","Percentage","0","Units",,,15,,
"KOR","Korea","L","L","CT","CT","MAX_RATE","Maximum sub-central rate","2014","2014","PC","Percentage","0","Units",,,15,,
"KOR","Korea","L","L","CT","CT","MAX_RATE","Maximum sub-central rate","2015","2015","PC","Percentage","0","Units",,,15,,
"KOR","Korea","L","L","CT","CT","MAX_RATE","Maximum sub-central rate","2016","2016","PC","Percentage","0","Units",,,15,,
"KOR","Korea","L","L","CT","CT","MAX_RATE","Maximum sub-central rate","2017","2017","PC","Percentage","0","Units",,,15,,
"KOR","Korea","L","L","CT","CT","MAX_RATE","Maximum sub-central rate","2018","2018","PC","Percentage","0","Units",,,15,,
"KOR","Korea","L","L","CT","CT","MAX_RATE","Maximum sub-central rate","2019","2019","PC","Percentage","0","Units",,,15,,
"KOR","Korea","L","L","CT","CT","MAX_RATE","Maximum sub-central rate","2020","2020","PC","Percentage","0","Units",,,15,,
"KOR","Korea","L","L","CT","CT","MAX_RATE","Maximum sub-central rate","2021","2021","PC","Percentage","0","Units",,,15,,
"KOR","Korea","L","L","CT","CT","MAX_RATE","Maximum sub-central rate","2022","2022","PC","Percentage","0","Units",,,15,,
"NOR","Norway","S","S","TY","TY","REP_RATE","Representative sub-central rate","2000","2000","PC","Percentage","0","Units",,,6.45,,
"NOR","Norway","S","S","TY","TY","REP_RATE","Representative sub-central rate","2001","2001","PC","Percentage","0","Units",,,6.9,,
"NOR","Norway","S","S","TY","TY","REP_RATE","Representative sub-central rate","2002","2002","PC","Percentage","0","Units",,,1.9,,
"NOR","Norway","S","S","TY","TY","REP_RATE","Representative sub-central rate","2003","2003","PC","Percentage","0","Units",,,3.24,,
"NOR","Norway","S","S","TY","TY","REP_RATE","Representative sub-central rate","2004","2004","PC","Percentage","0","Units",,,2.6,,
"NOR","Norway","S","S","TY","TY","REP_RATE","Representative sub-central rate","2005","2005","PC","Percentage","0","Units",,,3,,
"NOR","Norway","S","S","TY","TY","REP_RATE","Representative sub-central rate","2006","2006","PC","Percentage","0","Units",,,3,,
"NOR","Norway","S","S","TY","TY","MIN_RATE","Minimum sub-central rate","2000","2000","PC","Percentage","0","Units",,,5.2,,
"NOR","Norway","S","S","TY","TY","MIN_RATE","Minimum sub-central rate","2001","2001","PC","Percentage","0","Units",,,5,,
"NOR","Norway","S","S","TY","TY","MIN_RATE","Minimum sub-central rate","2002","2002","PC","Percentage","0","Units",,,0,,
"NOR","Norway","S","S","TY","TY","MIN_RATE","Minimum sub-central rate","2003","2003","PC","Percentage","0","Units",,,0,,
"NOR","Norway","S","S","TY","TY","MIN_RATE","Minimum sub-central rate","2004","2004","PC","Percentage","0","Units",,,0,,
"NOR","Norway","S","S","TY","TY","MIN_RATE","Minimum sub-central rate","2005","2005","PC","Percentage","0","Units",,,0,,
"NOR","Norway","S","S","TY","TY","MIN_RATE","Minimum sub-central rate","2006","2006","PC","Percentage","0","Units",,,0,,
"NOR","Norway","S","S","TY","TY","MAX_RATE","Maximum sub-central rate","2000","2000","PC","Percentage","0","Units",,,6.45,,
"NOR","Norway","S","S","TY","TY","MAX_RATE","Maximum sub-central rate","2001","2001","PC","Percentage","0","Units",,,6.9,,
"NOR","Norway","S","S","TY","TY","MAX_RATE","Maximum sub-central rate","2002","2002","PC","Percentage","0","Units",,,1.9,,
"NOR","Norway","S","S","TY","TY","MAX_RATE","Maximum sub-central rate","2003","2003","PC","Percentage","0","Units",,,3.24,,
"NOR","Norway","S","S","TY","TY","MAX_RATE","Maximum sub-central rate","2004","2004","PC","Percentage","0","Units",,,2.6,,
"NOR","Norway","S","S","TY","TY","MAX_RATE","Maximum sub-central rate","2005","2005","PC","Percentage","0","Units",,,3,,
"NOR","Norway","S","S","TY","TY","MAX_RATE","Maximum sub-central rate","2006","2006","PC","Percentage","0","Units",,,3,,
"NOR","Norway","L","L","TY","TY","REP_RATE","Representative sub-central rate","2000","2000","PC","Percentage","0","Units",,,11.2,,
"NOR","Norway","L","L","TY","TY","REP_RATE","Representative sub-central rate","2001","2001","PC","Percentage","0","Units",,,12.2,,
"NOR","Norway","L","L","TY","TY","REP_RATE","Representative sub-central rate","2002","2002","PC","Percentage","0","Units",,,12.4,,
"NOR","Norway","L","L","TY","TY","REP_RATE","Representative sub-central rate","2003","2003","PC","Percentage","0","Units",,,13,,
"NOR","Norway","L","L","TY","TY","REP_RATE","Representative sub-central rate","2004","2004","PC","Percentage","0","Units",,,13.2,,
"NOR","Norway","L","L","TY","TY","REP_RATE","Representative sub-central rate","2005","2005","PC","Percentage","0","Units",,,13.2,,
"NOR","Norway","L","L","TY","TY","REP_RATE","Representative sub-central rate","2006","2006","PC","Percentage","0","Units",,,13.2,,
"NOR","Norway","L","L","TY","TY","MIN_RATE","Minimum sub-central rate","2000","2000","PC","Percentage","0","Units",,,9.35,,
"NOR","Norway","L","L","TY","TY","MIN_RATE","Minimum sub-central rate","2001","2001","PC","Percentage","0","Units",,,9,,
"NOR","Norway","L","L","TY","TY","MIN_RATE","Minimum sub-central rate","2002","2002","PC","Percentage","0","Units",,,9.2,,
"NOR","Norway","L","L","TY","TY","MIN_RATE","Minimum sub-central rate","2003","2003","PC","Percentage","0","Units",,,9.4,,
"NOR","Norway","L","L","TY","TY","MIN_RATE","Minimum sub-central rate","2004","2004","PC","Percentage","0","Units",,,0,,
"NOR","Norway","L","L","TY","TY","MIN_RATE","Minimum sub-central rate","2005","2005","PC","Percentage","0","Units",,,0,,
"NOR","Norway","L","L","TY","TY","MIN_RATE","Minimum sub-central rate","2006","2006","PC","Percentage","0","Units",,,0,,
"NOR","Norway","L","L","TY","TY","MAX_RATE","Maximum sub-central rate","2000","2000","PC","Percentage","0","Units",,,11.2,,
"NOR","Norway","L","L","TY","TY","MAX_RATE","Maximum sub-central rate","2001","2001","PC","Percentage","0","Units",,,12.2,,
"NOR","Norway","L","L","TY","TY","MAX_RATE","Maximum sub-central rate","2002","2002","PC","Percentage","0","Units",,,12.4,,
"NOR","Norway","L","L","TY","TY","MAX_RATE","Maximum sub-central rate","2003","2003","PC","Percentage","0","Units",,,13,,
"NOR","Norway","L","L","TY","TY","MAX_RATE","Maximum sub-central rate","2004","2004","PC","Percentage","0","Units",,,13.2,,
"NOR","Norway","L","L","TY","TY","MAX_RATE","Maximum sub-central rate","2005","2005","PC","Percentage","0","Units",,,13.2,,
"NOR","Norway","L","L","TY","TY","MAX_RATE","Maximum sub-central rate","2006","2006","PC","Percentage","0","Units",,,13.2,,
"NOR","Norway","SL","SL","TY","TY","REP_RATE","Representative sub-central rate","2000","2000","PC","Percentage","0","Units",,,17.65,,
"NOR","Norway","SL","SL","TY","TY","REP_RATE","Representative sub-central rate","2001","2001","PC","Percentage","0","Units",,,19.1,,
"NOR","Norway","SL","SL","TY","TY","REP_RATE","Representative sub-central rate","2002","2002","PC","Percentage","0","Units",,,14.3,,
"NOR","Norway","SL","SL","TY","TY","REP_RATE","Representative sub-central rate","2003","2003","PC","Percentage","0","Units",,,16.24,,
"NOR","Norway","SL","SL","TY","TY","REP_RATE","Representative sub-central rate","2004","2004","PC","Percentage","0","Units",,,15.8,,
"NOR","Norway","SL","SL","TY","TY","REP_RATE","Representative sub-central rate","2005","2005","PC","Percentage","0","Units",,,16.2,,
"NOR","Norway","SL","SL","TY","TY","REP_RATE","Representative sub-central rate","2006","2006","PC","Percentage","0","Units",,,16.2,,
"NOR","Norway","SL","SL","TY","TY","REP_RATE","Representative sub-central rate","2007","2007","PC","Percentage","0","Units",,,15.4,,
"NOR","Norway","SL","SL","TY","TY","REP_RATE","Representative sub-central rate","2008","2008","PC","Percentage","0","Units",,,14.7,,
"NOR","Norway","SL","SL","TY","TY","REP_RATE","Representative sub-central rate","2009","2009","PC","Percentage","0","Units",,,15.45,,
"NOR","Norway","SL","SL","TY","TY","REP_RATE","Representative sub-central rate","2010","2010","PC","Percentage","0","Units",,,15.45,,
"NOR","Norway","SL","SL","TY","TY","REP_RATE","Representative sub-central rate","2011","2011","PC","Percentage","0","Units",,,13.95,,
"NOR","Norway","SL","SL","TY","TY","REP_RATE","Representative sub-central rate","2012","2012","PC","Percentage","0","Units",,,14.25,,
"NOR","Norway","SL","SL","TY","TY","REP_RATE","Representative sub-central rate","2013","2013","PC","Percentage","0","Units",,,14.25,,
"NOR","Norway","SL","SL","TY","TY","REP_RATE","Representative sub-central rate","2014","2014","PC","Percentage","0","Units",,,14.05,,
"NOR","Norway","SL","SL","TY","TY","REP_RATE","Representative sub-central rate","2015","2015","PC","Percentage","0","Units",,,13.85,,
"NOR","Norway","SL","SL","TY","TY","REP_RATE","Representative sub-central rate","2016","2016","PC","Percentage","0","Units",,,14.45,,
"NOR","Norway","SL","SL","TY","TY","REP_RATE","Representative sub-central rate","2017","2017","PC","Percentage","0","Units",,,14.45,,
"NOR","Norway","SL","SL","TY","TY","REP_RATE","Representative sub-central rate","2018","2018","PC","Percentage","0","Units",,,14.45,,
"NOR","Norway","SL","SL","TY","TY","REP_RATE","Representative sub-central rate","2019","2019","PC","Percentage","0","Units",,,14.15,,
"NOR","Norway","SL","SL","TY","TY","REP_RATE","Representative sub-central rate","2020","2020","PC","Percentage","0","Units",,,13.55,,
"NOR","Norway","SL","SL","TY","TY","REP_RATE","Representative sub-central rate","2021","2021","PC","Percentage","0","Units",,,14.85,,
"NOR","Norway","SL","SL","TY","TY","REP_RATE","Representative sub-central rate","2022","2022","PC","Percentage","0","Units",,,13.35,,
"NOR","Norway","SL","SL","TY","TY","MIN_RATE","Minimum sub-central rate","2000","2000","PC","Percentage","0","Units",,,14.55,,
"NOR","Norway","SL","SL","TY","TY","MIN_RATE","Minimum sub-central rate","2001","2001","PC","Percentage","0","Units",,,14,,
"NOR","Norway","SL","SL","TY","TY","MIN_RATE","Minimum sub-central rate","2002","2002","PC","Percentage","0","Units",,,9.2,,
"NOR","Norway","SL","SL","TY","TY","MIN_RATE","Minimum sub-central rate","2003","2003","PC","Percentage","0","Units",,,9.4,,
"NOR","Norway","SL","SL","TY","TY","MIN_RATE","Minimum sub-central rate","2004","2004","PC","Percentage","0","Units",,,0,,
"NOR","Norway","SL","SL","TY","TY","MIN_RATE","Minimum sub-central rate","2005","2005","PC","Percentage","0","Units",,,0,,
"NOR","Norway","SL","SL","TY","TY","MIN_RATE","Minimum sub-central rate","2006","2006","PC","Percentage","0","Units",,,0,,
"NOR","Norway","SL","SL","TY","TY","MIN_RATE","Minimum sub-central rate","2007","2007","PC","Percentage","0","Units",,,0,,
"NOR","Norway","SL","SL","TY","TY","MIN_RATE","Minimum sub-central rate","2008","2008","PC","Percentage","0","Units",,,0,,
"NOR","Norway","SL","SL","TY","TY","MIN_RATE","Minimum sub-central rate","2009","2009","PC","Percentage","0","Units",,,0,,
"NOR","Norway","SL","SL","TY","TY","MIN_RATE","Minimum sub-central rate","2010","2010","PC","Percentage","0","Units",,,0,,
"NOR","Norway","SL","SL","TY","TY","MIN_RATE","Minimum sub-central rate","2011","2011","PC","Percentage","0","Units",,,0,,
"NOR","Norway","SL","SL","TY","TY","MIN_RATE","Minimum sub-central rate","2012","2012","PC","Percentage","0","Units",,,0,,
"NOR","Norway","SL","SL","TY","TY","MIN_RATE","Minimum sub-central rate","2013","2013","PC","Percentage","0","Units",,,0,,
"NOR","Norway","SL","SL","TY","TY","MIN_RATE","Minimum sub-central rate","2014","2014","PC","Percentage","0","Units",,,0,,
"NOR","Norway","SL","SL","TY","TY","MIN_RATE","Minimum sub-central rate","2015","2015","PC","Percentage","0","Units",,,0,,
"NOR","Norway","SL","SL","TY","TY","MIN_RATE","Minimum sub-central rate","2016","2016","PC","Percentage","0","Units",,,0,,
"NOR","Norway","SL","SL","TY","TY","MIN_RATE","Minimum sub-central rate","2017","2017","PC","Percentage","0","Units",,,0,,
"NOR","Norway","SL","SL","TY","TY","MIN_RATE","Minimum sub-central rate","2018","2018","PC","Percentage","0","Units",,,0,,
"NOR","Norway","SL","SL","TY","TY","MIN_RATE","Minimum sub-central rate","2019","2019","PC","Percentage","0","Units",,,0,,
"NOR","Norway","SL","SL","TY","TY","MIN_RATE","Minimum sub-central rate","2020","2020","PC","Percentage","0","Units",,,0,,
"NOR","Norway","SL","SL","TY","TY","MIN_RATE","Minimum sub-central rate","2021","2021","PC","Percentage","0","Units",,,0,,
"NOR","Norway","SL","SL","TY","TY","MIN_RATE","Minimum sub-central rate","2022","2022","PC","Percentage","0","Units",,,0,,
"NOR","Norway","SL","SL","TY","TY","MAX_RATE","Maximum sub-central rate","2000","2000","PC","Percentage","0","Units",,,17.65,,
"NOR","Norway","SL","SL","TY","TY","MAX_RATE","Maximum sub-central rate","2001","2001","PC","Percentage","0","Units",,,19.1,,
"NOR","Norway","SL","SL","TY","TY","MAX_RATE","Maximum sub-central rate","2002","2002","PC","Percentage","0","Units",,,14.3,,
"NOR","Norway","SL","SL","TY","TY","MAX_RATE","Maximum sub-central rate","2003","2003","PC","Percentage","0","Units",,,16.24,,
"NOR","Norway","SL","SL","TY","TY","MAX_RATE","Maximum sub-central rate","2004","2004","PC","Percentage","0","Units",,,15.8,,
"NOR","Norway","SL","SL","TY","TY","MAX_RATE","Maximum sub-central rate","2005","2005","PC","Percentage","0","Units",,,16.2,,
"NOR","Norway","SL","SL","TY","TY","MAX_RATE","Maximum sub-central rate","2006","2006","PC","Percentage","0","Units",,,16.2,,
"NOR","Norway","SL","SL","TY","TY","MAX_RATE","Maximum sub-central rate","2007","2007","PC","Percentage","0","Units",,,15.4,,
"NOR","Norway","SL","SL","TY","TY","MAX_RATE","Maximum sub-central rate","2008","2008","PC","Percentage","0","Units",,,14.7,,
"NOR","Norway","SL","SL","TY","TY","MAX_RATE","Maximum sub-central rate","2009","2009","PC","Percentage","0","Units",,,15.45,,
"NOR","Norway","SL","SL","TY","TY","MAX_RATE","Maximum sub-central rate","2010","2010","PC","Percentage","0","Units",,,15.45,,
"NOR","Norway","SL","SL","TY","TY","MAX_RATE","Maximum sub-central rate","2011","2011","PC","Percentage","0","Units",,,13.95,,
"NOR","Norway","SL","SL","TY","TY","MAX_RATE","Maximum sub-central rate","2012","2012","PC","Percentage","0","Units",,,14.25,,
"NOR","Norway","SL","SL","TY","TY","MAX_RATE","Maximum sub-central rate","2013","2013","PC","Percentage","0","Units",,,14.25,,
"NOR","Norway","SL","SL","TY","TY","MAX_RATE","Maximum sub-central rate","2014","2014","PC","Percentage","0","Units",,,14.05,,
"NOR","Norway","SL","SL","TY","TY","MAX_RATE","Maximum sub-central rate","2015","2015","PC","Percentage","0","Units",,,13.85,,
"NOR","Norway","SL","SL","TY","TY","MAX_RATE","Maximum sub-central rate","2016","2016","PC","Percentage","0","Units",,,14.45,,
"NOR","Norway","SL","SL","TY","TY","MAX_RATE","Maximum sub-central rate","2017","2017","PC","Percentage","0","Units",,,14.45,,
"NOR","Norway","SL","SL","TY","TY","MAX_RATE","Maximum sub-central rate","2018","2018","PC","Percentage","0","Units",,,14.45,,
"NOR","Norway","SL","SL","TY","TY","MAX_RATE","Maximum sub-central rate","2019","2019","PC","Percentage","0","Units",,,14.15,,
"NOR","Norway","SL","SL","TY","TY","MAX_RATE","Maximum sub-central rate","2020","2020","PC","Percentage","0","Units",,,13.55,,
"NOR","Norway","SL","SL","TY","TY","MAX_RATE","Maximum sub-central rate","2021","2021","PC","Percentage","0","Units",,,14.85,,
"NOR","Norway","SL","SL","TY","TY","MAX_RATE","Maximum sub-central rate","2022","2022","PC","Percentage","0","Units",,,13.35,,
"SWE","Sweden ","L","L","TY","TY","REP_RATE","Representative sub-central rate","2000","2000","PC","Percentage","0","Units",,,30.38,,
"SWE","Sweden ","L","L","TY","TY","REP_RATE","Representative sub-central rate","2001","2001","PC","Percentage","0","Units",,,30.53,,
"SWE","Sweden ","L","L","TY","TY","REP_RATE","Representative sub-central rate","2002","2002","PC","Percentage","0","Units",,,30.52,,
"SWE","Sweden ","L","L","TY","TY","REP_RATE","Representative sub-central rate","2003","2003","PC","Percentage","0","Units",,,31.17,,
"SWE","Sweden ","L","L","TY","TY","REP_RATE","Representative sub-central rate","2004","2004","PC","Percentage","0","Units",,,31.51,,
"SWE","Sweden ","L","L","TY","TY","REP_RATE","Representative sub-central rate","2005","2005","PC","Percentage","0","Units",,,31.6,,
"SWE","Sweden ","L","L","TY","TY","REP_RATE","Representative sub-central rate","2006","2006","PC","Percentage","0","Units",,,31.6,,
"SWE","Sweden ","L","L","TY","TY","REP_RATE","Representative sub-central rate","2007","2007","PC","Percentage","0","Units",,,31.55,,
"SWE","Sweden ","L","L","TY","TY","REP_RATE","Representative sub-central rate","2008","2008","PC","Percentage","0","Units",,,31.44,,
"SWE","Sweden ","L","L","TY","TY","REP_RATE","Representative sub-central rate","2009","2009","PC","Percentage","0","Units",,,31.52,,
"SWE","Sweden ","L","L","TY","TY","REP_RATE","Representative sub-central rate","2010","2010","PC","Percentage","0","Units",,,31.56,,
"SWE","Sweden ","L","L","TY","TY","REP_RATE","Representative sub-central rate","2011","2011","PC","Percentage","0","Units",,,31.55,,
"SWE","Sweden ","L","L","TY","TY","REP_RATE","Representative sub-central rate","2012","2012","PC","Percentage","0","Units",,,31.6,,
"SWE","Sweden ","L","L","TY","TY","REP_RATE","Representative sub-central rate","2013","2013","PC","Percentage","0","Units",,,31.73,,
"SWE","Sweden ","L","L","TY","TY","REP_RATE","Representative sub-central rate","2014","2014","PC","Percentage","0","Units",,,31.86,,
"SWE","Sweden ","L","L","TY","TY","REP_RATE","Representative sub-central rate","2015","2015","PC","Percentage","0","Units",,,31.99,,
"SWE","Sweden ","L","L","TY","TY","REP_RATE","Representative sub-central rate","2016","2016","PC","Percentage","0","Units",,,32.1,,
"SWE","Sweden ","L","L","TY","TY","REP_RATE","Representative sub-central rate","2017","2017","PC","Percentage","0","Units",,,32.12,,
"SWE","Sweden ","L","L","TY","TY","REP_RATE","Representative sub-central rate","2018","2018","PC","Percentage","0","Units",,,32.12,,
"SWE","Sweden ","L","L","TY","TY","REP_RATE","Representative sub-central rate","2019","2019","PC","Percentage","0","Units",,,32.19,,
"SWE","Sweden ","L","L","TY","TY","REP_RATE","Representative sub-central rate","2020","2020","PC","Percentage","0","Units",,,32.28,,
"SWE","Sweden ","L","L","TY","TY","REP_RATE","Representative sub-central rate","2021","2021","PC","Percentage","0","Units",,,32.27,,
"SWE","Sweden ","L","L","TY","TY","REP_RATE","Representative sub-central rate","2022","2022","PC","Percentage","0","Units",,,32.24,,
"SWE","Sweden ","L","L","TY","TY","MIN_RATE","Minimum sub-central rate","2000","2000","PC","Percentage","0","Units",,,26.5,,
"SWE","Sweden ","L","L","TY","TY","MIN_RATE","Minimum sub-central rate","2001","2001","PC","Percentage","0","Units",,,27.15,,
"SWE","Sweden ","L","L","TY","TY","MIN_RATE","Minimum sub-central rate","2002","2002","PC","Percentage","0","Units",,,27.5,,
"SWE","Sweden ","L","L","TY","TY","MIN_RATE","Minimum sub-central rate","2003","2003","PC","Percentage","0","Units",,,28.9,,
"SWE","Sweden ","L","L","TY","TY","MIN_RATE","Minimum sub-central rate","2004","2004","PC","Percentage","0","Units",,,28.9,,
"SWE","Sweden ","L","L","TY","TY","MIN_RATE","Minimum sub-central rate","2005","2005","PC","Percentage","0","Units",,,28.9,,
"SWE","Sweden ","L","L","TY","TY","MIN_RATE","Minimum sub-central rate","2006","2006","PC","Percentage","0","Units",,,28.89,,
"SWE","Sweden ","L","L","TY","TY","MIN_RATE","Minimum sub-central rate","2007","2007","PC","Percentage","0","Units",,,28.89,,
"SWE","Sweden ","L","L","TY","TY","MIN_RATE","Minimum sub-central rate","2008","2008","PC","Percentage","0","Units",,,28.89,,
"SWE","Sweden ","L","L","TY","TY","MIN_RATE","Minimum sub-central rate","2009","2009","PC","Percentage","0","Units",,,28.89,,
"SWE","Sweden ","L","L","TY","TY","MIN_RATE","Minimum sub-central rate","2010","2010","PC","Percentage","0","Units",,,28.89,,
"SWE","Sweden ","L","L","TY","TY","MIN_RATE","Minimum sub-central rate","2011","2011","PC","Percentage","0","Units",,,28.89,,
"SWE","Sweden ","L","L","TY","TY","MIN_RATE","Minimum sub-central rate","2012","2012","PC","Percentage","0","Units",,,28.89,,
"SWE","Sweden ","L","L","TY","TY","MIN_RATE","Minimum sub-central rate","2013","2013","PC","Percentage","0","Units",,,29.73,,
"SWE","Sweden ","L","L","TY","TY","MIN_RATE","Minimum sub-central rate","2014","2014","PC","Percentage","0","Units",,,28.89,,
"SWE","Sweden ","L","L","TY","TY","MIN_RATE","Minimum sub-central rate","2015","2015","PC","Percentage","0","Units",,,29.19,,
"SWE","Sweden ","L","L","TY","TY","MIN_RATE","Minimum sub-central rate","2016","2016","PC","Percentage","0","Units",,,29.19,,
"SWE","Sweden ","L","L","TY","TY","MIN_RATE","Minimum sub-central rate","2017","2017","PC","Percentage","0","Units",,,29.19,,
"SWE","Sweden ","L","L","TY","TY","MIN_RATE","Minimum sub-central rate","2018","2018","PC","Percentage","0","Units",,,29.19,,
"SWE","Sweden ","L","L","TY","TY","MIN_RATE","Minimum sub-central rate","2019","2019","PC","Percentage","0","Units",,,29.18,,
"SWE","Sweden ","L","L","TY","TY","MIN_RATE","Minimum sub-central rate","2020","2020","PC","Percentage","0","Units",,,29.18,,
"SWE","Sweden ","L","L","TY","TY","MIN_RATE","Minimum sub-central rate","2021","2021","PC","Percentage","0","Units",,,29.08,,
"SWE","Sweden ","L","L","TY","TY","MIN_RATE","Minimum sub-central rate","2022","2022","PC","Percentage","0","Units",,,28.98,,
"SWE","Sweden ","L","L","TY","TY","MAX_RATE","Maximum sub-central rate","2000","2000","PC","Percentage","0","Units",,,33.12,,
"SWE","Sweden ","L","L","TY","TY","MAX_RATE","Maximum sub-central rate","2001","2001","PC","Percentage","0","Units",,,33.17,,
"SWE","Sweden ","L","L","TY","TY","MAX_RATE","Maximum sub-central rate","2002","2002","PC","Percentage","0","Units",,,33.3,,
"SWE","Sweden ","L","L","TY","TY","MAX_RATE","Maximum sub-central rate","2003","2003","PC","Percentage","0","Units",,,33.72,,
"SWE","Sweden ","L","L","TY","TY","MAX_RATE","Maximum sub-central rate","2004","2004","PC","Percentage","0","Units",,,34.04,,
"SWE","Sweden ","L","L","TY","TY","MAX_RATE","Maximum sub-central rate","2005","2005","PC","Percentage","0","Units",,,34.24,,
"SWE","Sweden ","L","L","TY","TY","MAX_RATE","Maximum sub-central rate","2006","2006","PC","Percentage","0","Units",,,34.24,,
"SWE","Sweden ","L","L","TY","TY","MAX_RATE","Maximum sub-central rate","2007","2007","PC","Percentage","0","Units",,,34.24,,
"SWE","Sweden ","L","L","TY","TY","MAX_RATE","Maximum sub-central rate","2008","2008","PC","Percentage","0","Units",,,34.09,,
"SWE","Sweden ","L","L","TY","TY","MAX_RATE","Maximum sub-central rate","2009","2009","PC","Percentage","0","Units",,,34.17,,
"SWE","Sweden ","L","L","TY","TY","MAX_RATE","Maximum sub-central rate","2010","2010","PC","Percentage","0","Units",,,34.17,,
"SWE","Sweden ","L","L","TY","TY","MAX_RATE","Maximum sub-central rate","2011","2011","PC","Percentage","0","Units",,,34.17,,
"SWE","Sweden ","L","L","TY","TY","MAX_RATE","Maximum sub-central rate","2012","2012","PC","Percentage","0","Units",,,34.32,,
"SWE","Sweden ","L","L","TY","TY","MAX_RATE","Maximum sub-central rate","2013","2013","PC","Percentage","0","Units",,,36.24,,
"SWE","Sweden ","L","L","TY","TY","MAX_RATE","Maximum sub-central rate","2014","2014","PC","Percentage","0","Units",,,34.52,,
"SWE","Sweden ","L","L","TY","TY","MAX_RATE","Maximum sub-central rate","2015","2015","PC","Percentage","0","Units",,,34.7,,
"SWE","Sweden ","L","L","TY","TY","MAX_RATE","Maximum sub-central rate","2016","2016","PC","Percentage","0","Units",,,35.11,,
"SWE","Sweden ","L","L","TY","TY","MAX_RATE","Maximum sub-central rate","2017","2017","PC","Percentage","0","Units",,,35.15,,
"SWE","Sweden ","L","L","TY","TY","MAX_RATE","Maximum sub-central rate","2018","2018","PC","Percentage","0","Units",,,35.15,,
"SWE","Sweden ","L","L","TY","TY","MAX_RATE","Maximum sub-central rate","2019","2019","PC","Percentage","0","Units",,,35.15,,
"SWE","Sweden ","L","L","TY","TY","MAX_RATE","Maximum sub-central rate","2020","2020","PC","Percentage","0","Units",,,35.15,,
"SWE","Sweden ","L","L","TY","TY","MAX_RATE","Maximum sub-central rate","2021","2021","PC","Percentage","0","Units",,,35.15,,
"SWE","Sweden ","L","L","TY","TY","MAX_RATE","Maximum sub-central rate","2022","2022","PC","Percentage","0","Units",,,35.15,,
"USA","United States","S","S","TYS","TYs","PERS_AL","Sub-central personal allowance","2000","2000","NATCUR","National currency","0","Units",,,2900,,
"USA","United States","S","S","TYS","TYs","PERS_AL","Sub-central personal allowance","2001","2001","NATCUR","National currency","0","Units",,,2900,,
"USA","United States","S","S","TYS","TYs","PERS_AL","Sub-central personal allowance","2002","2002","NATCUR","National currency","0","Units",,,3000,,
"USA","United States","S","S","TYS","TYs","PERS_AL","Sub-central personal allowance","2003","2003","NATCUR","National currency","0","Units",,,3100,,
"USA","United States","S","S","TYS","TYs","PERS_AL","Sub-central personal allowance","2004","2004","NATCUR","National currency","0","Units",,,3100,,
"USA","United States","S","S","TYS","TYs","PERS_AL","Sub-central personal allowance","2005","2005","NATCUR","National currency","0","Units",,,3200,,
"USA","United States","S","S","TYS","TYs","PERS_AL","Sub-central personal allowance","2006","2006","NATCUR","National currency","0","Units",,,3300,,
"USA","United States","S","S","TYS","TYs","PERS_AL","Sub-central personal allowance","2007","2007","NATCUR","National currency","0","Units",,,3300,,
"USA","United States","S","S","TYS","TYs","PERS_AL","Sub-central personal allowance","2008","2008","NATCUR","National currency","0","Units",,,3300,,
"USA","United States","S","S","TYS","TYs","PERS_AL","Sub-central personal allowance","2009","2009","NATCUR","National currency","0","Units",,,3500,,
"USA","United States","S","S","TYS","TYs","PERS_AL","Sub-central personal allowance","2010","2010","NATCUR","National currency","0","Units",,,3600,,
"USA","United States","S","S","TYS","TYs","PERS_AL","Sub-central personal allowance","2011","2011","NATCUR","National currency","0","Units",,,3700,,
"USA","United States","S","S","TYS","TYs","PERS_AL","Sub-central personal allowance","2012","2012","NATCUR","National currency","0","Units",,,3763,,
"USA","United States","S","S","TYS","TYs","PERS_AL","Sub-central personal allowance","2013","2013","NATCUR","National currency","0","Units",,,3950,,
"USA","United States","S","S","TYS","TYs","PERS_AL","Sub-central personal allowance","2014","2014","NATCUR","National currency","0","Units",,,3950,,
"USA","United States","S","S","TYS","TYs","PERS_AL","Sub-central personal allowance","2015","2015","NATCUR","National currency","0","Units",,,3950,,
"USA","United States","S","S","TYS","TYs","PERS_AL","Sub-central personal allowance","2016","2016","NATCUR","National currency","0","Units",,,4000,,
"USA","United States","S","S","TYS","TYs","PERS_AL","Sub-central personal allowance","2017","2017","NATCUR","National currency","0","Units",,,4000,,
"USA","United States","S","S","TYS","TYs","PERS_AL","Sub-central personal allowance","2018","2018","NATCUR","National currency","0","Units",,,4000,,
"USA","United States","S","S","TYS","TYs","PERS_AL","Sub-central personal allowance","2019","2019","NATCUR","National currency","0","Units",,,4050,,
"USA","United States","S","S","TYS","TYs","PERS_AL","Sub-central personal allowance","2020","2020","NATCUR","National currency","0","Units",,,4750,,
"USA","United States","S","S","TYS","TYs","PERS_AL","Sub-central personal allowance","2021","2021","NATCUR","National currency","0","Units",,,4900,,
"USA","United States","S","S","TYS","TYs","PERS_AL","Sub-central personal allowance","2022","2022","NATCUR","National currency","0","Units",,,5000,,
"USA","United States","S","S","TYS","TYs","TAX_CRED","Sub-central tax credit","2000","2000","NATCUR","National currency","0","Units",,,10000,,
"USA","United States","S","S","TYS","TYs","TAX_CRED","Sub-central tax credit","2001","2001","NATCUR","National currency","0","Units",,,10000,,
"USA","United States","S","S","TYS","TYs","TAX_CRED","Sub-central tax credit","2002","2002","NATCUR","National currency","0","Units",,,10000,,
"USA","United States","S","S","TYS","TYs","TAX_CRED","Sub-central tax credit","2003","2003","NATCUR","National currency","0","Units",,,10000,,
"USA","United States","S","S","TYS","TYs","TAX_CRED","Sub-central tax credit","2004","2004","NATCUR","National currency","0","Units",,,10000,,
"USA","United States","S","S","TYS","TYs","TAX_CRED","Sub-central tax credit","2005","2005","NATCUR","National currency","0","Units",,,10000,,
"USA","United States","S","S","TYS","TYs","TAX_CRED","Sub-central tax credit","2006","2006","NATCUR","National currency","0","Units",,,10000,,
"USA","United States","S","S","TYS","TYs","TAX_CRED","Sub-central tax credit","2007","2007","NATCUR","National currency","0","Units",,,10000,,
"USA","United States","S","S","TYS","TYs","TAX_CRED","Sub-central tax credit","2008","2008","NATCUR","National currency","0","Units",,,10000,,
"USA","United States","S","S","TYS","TYs","TAX_CRED","Sub-central tax credit","2009","2009","NATCUR","National currency","0","Units",,,10091.341,,
"USA","United States","S","S","TYS","TYs","TAX_CRED","Sub-central tax credit","2010","2010","NATCUR","National currency","0","Units",,,10091.494,,
"USA","United States","S","S","TYS","TYs","TAX_CRED","Sub-central tax credit","2011","2011","NATCUR","National currency","0","Units",,,10092.871,,
"USA","United States","S","S","TYS","TYs","TAX_CRED","Sub-central tax credit","2012","2012","NATCUR","National currency","0","Units",,,28.5039,,
"USA","United States","S","S","TYS","TYs","TAX_CRED","Sub-central tax credit","2013","2013","NATCUR","National currency","0","Units",,,29.2383,,
"USA","United States","S","S","TYS","TYs","TAX_CRED","Sub-central tax credit","2014","2014","NATCUR","National currency","0","Units",,,29.7432,,
"USA","United States","S","S","TYS","TYs","TAX_CRED","Sub-central tax credit","2015","2015","NATCUR","National currency","0","Units",,,30.2022,,
"USA","United States","S","S","TYS","TYs","TAX_CRED","Sub-central tax credit","2016","2016","NATCUR","National currency","0","Units",,,30.3399,,
"USA","United States","S","S","TYS","TYs","TAX_CRED","Sub-central tax credit","2017","2017","NATCUR","National currency","0","Units",,,30.6153,,
"USA","United States","S","S","TYS","TYs","TAX_CRED","Sub-central tax credit","2018","2018","NATCUR","National currency","0","Units",,,30.6612,,
"USA","United States","S","S","TYS","TYs","TAX_CRED","Sub-central tax credit","2019","2019","NATCUR","National currency","0","Units",,,31.7628,,
"USA","United States","S","S","TYS","TYs","TAX_CRED","Sub-central tax credit","2020","2020","NATCUR","National currency","0","Units",,,32.2677,,
"USA","United States","S","S","TYS","TYs","TAX_CRED","Sub-central tax credit","2021","2021","NATCUR","National currency","0","Units",,,90.1476,,
"USA","United States","S","S","TYS","TYs","TAX_CRED","Sub-central tax credit","2022","2022","NATCUR","National currency","0","Units",,,335.988,,
"USA","United States","S","S","TYS","TYs","REP_RATE","Representative sub-central rate","2000","2000","PC","Percentage","0","Units",,,4.2,,
"USA","United States","S","S","TYS","TYs","REP_RATE","Representative sub-central rate","2001","2001","PC","Percentage","0","Units",,,4.2,,
"USA","United States","S","S","TYS","TYs","REP_RATE","Representative sub-central rate","2002","2002","PC","Percentage","0","Units",,,4.1,,
"USA","United States","S","S","TYS","TYs","REP_RATE","Representative sub-central rate","2003","2003","PC","Percentage","0","Units",,,4,,
"USA","United States","S","S","TYS","TYs","REP_RATE","Representative sub-central rate","2004","2004","PC","Percentage","0","Units",,,4,,
"USA","United States","S","S","TYS","TYs","REP_RATE","Representative sub-central rate","2005","2005","PC","Percentage","0","Units",,,3.9,,
"USA","United States","S","S","TYS","TYs","REP_RATE","Representative sub-central rate","2006","2006","PC","Percentage","0","Units",,,3.9,,
"USA","United States","S","S","TYS","TYs","REP_RATE","Representative sub-central rate","2007","2007","PC","Percentage","0","Units",,,3.9,,
"USA","United States","S","S","TYS","TYs","REP_RATE","Representative sub-central rate","2008","2008","PC","Percentage","0","Units",,,4.35,,
"USA","United States","S","S","TYS","TYs","REP_RATE","Representative sub-central rate","2009","2009","PC","Percentage","0","Units",,,4.35,,
"USA","United States","S","S","TYS","TYs","REP_RATE","Representative sub-central rate","2010","2010","PC","Percentage","0","Units",,,4.35,,
"USA","United States","S","S","TYS","TYs","REP_RATE","Representative sub-central rate","2011","2011","PC","Percentage","0","Units",,,4.35,,
"USA","United States","S","S","TYS","TYs","REP_RATE","Representative sub-central rate","2012","2012","PC","Percentage","0","Units",,,4.33,,
"USA","United States","S","S","TYS","TYs","REP_RATE","Representative sub-central rate","2013","2013","PC","Percentage","0","Units",,,4.25,,
"USA","United States","S","S","TYS","TYs","REP_RATE","Representative sub-central rate","2014","2014","PC","Percentage","0","Units",,,4.25,,
"USA","United States","S","S","TYS","TYs","REP_RATE","Representative sub-central rate","2015","2015","PC","Percentage","0","Units",,,4.25,,
"USA","United States","S","S","TYS","TYs","REP_RATE","Representative sub-central rate","2016","2016","PC","Percentage","0","Units",,,4.25,,
"USA","United States","S","S","TYS","TYs","REP_RATE","Representative sub-central rate","2017","2017","PC","Percentage","0","Units",,,4.25,,
"USA","United States","S","S","TYS","TYs","REP_RATE","Representative sub-central rate","2018","2018","PC","Percentage","0","Units",,,4.25,,
"USA","United States","S","S","TYS","TYs","REP_RATE","Representative sub-central rate","2019","2019","PC","Percentage","0","Units",,,4.25,,
"USA","United States","S","S","TYS","TYs","REP_RATE","Representative sub-central rate","2020","2020","PC","Percentage","0","Units",,,4.25,,
"USA","United States","S","S","TYS","TYs","REP_RATE","Representative sub-central rate","2021","2021","PC","Percentage","0","Units",,,4.25,,
"USA","United States","S","S","TYS","TYs","REP_RATE","Representative sub-central rate","2022","2022","PC","Percentage","0","Units",,,4.25,,
"USA","United States","S","S","TYS","TYs","MAX_RATE","Maximum sub-central rate","2000","2000","PC","Percentage","0","Units",,,9.3,,
"USA","United States","S","S","TYS","TYs","MAX_RATE","Maximum sub-central rate","2001","2001","PC","Percentage","0","Units",,,10.098,,
"USA","United States","S","S","TYS","TYs","MAX_RATE","Maximum sub-central rate","2002","2002","PC","Percentage","0","Units",,,10.098,,
"USA","United States","S","S","TYS","TYs","MAX_RATE","Maximum sub-central rate","2003","2003","PC","Percentage","0","Units",,,9.9,,
"USA","United States","S","S","TYS","TYs","MAX_RATE","Maximum sub-central rate","2004","2004","PC","Percentage","0","Units",,,9.9,,
"USA","United States","S","S","TYS","TYs","MAX_RATE","Maximum sub-central rate","2005","2005","PC","Percentage","0","Units",,,10.3,,
"USA","United States","S","S","TYS","TYs","MAX_RATE","Maximum sub-central rate","2006","2006","PC","Percentage","0","Units",,,10.3,,
"USA","United States","S","S","TYS","TYs","MAX_RATE","Maximum sub-central rate","2007","2007","PC","Percentage","0","Units",,,10.3,,
"USA","United States","L","L","TYS","TYs","PERS_AL","Sub-central personal allowance","2000","2000","NATCUR","National currency","0","Units",,,750,,
"USA","United States","L","L","TYS","TYs","PERS_AL","Sub-central personal allowance","2001","2001","NATCUR","National currency","0","Units",,,750,,
"USA","United States","L","L","TYS","TYs","PERS_AL","Sub-central personal allowance","2002","2002","NATCUR","National currency","0","Units",,,750,,
"USA","United States","L","L","TYS","TYs","PERS_AL","Sub-central personal allowance","2003","2003","NATCUR","National currency","0","Units",,,750,,
"USA","United States","L","L","TYS","TYs","PERS_AL","Sub-central personal allowance","2004","2004","NATCUR","National currency","0","Units",,,750,,
"USA","United States","L","L","TYS","TYs","PERS_AL","Sub-central personal allowance","2005","2005","NATCUR","National currency","0","Units",,,600,,
"USA","United States","L","L","TYS","TYs","PERS_AL","Sub-central personal allowance","2006","2006","NATCUR","National currency","0","Units",,,600,,
"USA","United States","L","L","TYS","TYs","PERS_AL","Sub-central personal allowance","2007","2007","NATCUR","National currency","0","Units",,,600,,
"USA","United States","L","L","TYS","TYs","PERS_AL","Sub-central personal allowance","2008","2008","NATCUR","National currency","0","Units",,,600,,
"USA","United States","L","L","TYS","TYs","PERS_AL","Sub-central personal allowance","2009","2009","NATCUR","National currency","0","Units",,,600,,
"USA","United States","L","L","TYS","TYs","PERS_AL","Sub-central personal allowance","2010","2010","NATCUR","National currency","0","Units",,,600,,
"USA","United States","L","L","TYS","TYs","PERS_AL","Sub-central personal allowance","2011","2011","NATCUR","National currency","0","Units",,,600,,
"USA","United States","L","L","TYS","TYs","PERS_AL","Sub-central personal allowance","2012","2012","NATCUR","National currency","0","Units",,,600,,
"USA","United States","L","L","TYS","TYs","PERS_AL","Sub-central personal allowance","2013","2013","NATCUR","National currency","0","Units",,,600,,
"USA","United States","L","L","TYS","TYs","PERS_AL","Sub-central personal allowance","2014","2014","NATCUR","National currency","0","Units",,,600,,
"USA","United States","L","L","TYS","TYs","PERS_AL","Sub-central personal allowance","2015","2015","NATCUR","National currency","0","Units",,,600,,
"USA","United States","L","L","TYS","TYs","PERS_AL","Sub-central personal allowance","2016","2016","NATCUR","National currency","0","Units",,,600,,
"USA","United States","L","L","TYS","TYs","PERS_AL","Sub-central personal allowance","2017","2017","NATCUR","National currency","0","Units",,,600,,
"USA","United States","L","L","TYS","TYs","PERS_AL","Sub-central personal allowance","2018","2018","NATCUR","National currency","0","Units",,,600,,
"USA","United States","L","L","TYS","TYs","PERS_AL","Sub-central personal allowance","2019","2019","NATCUR","National currency","0","Units",,,600,,
"USA","United States","L","L","TYS","TYs","PERS_AL","Sub-central personal allowance","2020","2020","NATCUR","National currency","0","Units",,,600,,
"USA","United States","L","L","TYS","TYs","PERS_AL","Sub-central personal allowance","2021","2021","NATCUR","National currency","0","Units",,,600,,
"USA","United States","L","L","TYS","TYs","PERS_AL","Sub-central personal allowance","2022","2022","NATCUR","National currency","0","Units",,,600,,
"USA","United States","L","L","TYS","TYs","REP_RATE","Representative sub-central rate","2000","2000","PC","Percentage","0","Units",,,2.85,,
"USA","United States","L","L","TYS","TYs","REP_RATE","Representative sub-central rate","2001","2001","PC","Percentage","0","Units",,,2.75,,
"USA","United States","L","L","TYS","TYs","REP_RATE","Representative sub-central rate","2002","2002","PC","Percentage","0","Units",,,2.65,,
"USA","United States","L","L","TYS","TYs","REP_RATE","Representative sub-central rate","2003","2003","PC","Percentage","0","Units",,,2.5,,
"USA","United States","L","L","TYS","TYs","REP_RATE","Representative sub-central rate","2004","2004","PC","Percentage","0","Units",,,2.5,,
"USA","United States","L","L","TYS","TYs","REP_RATE","Representative sub-central rate","2005","2005","PC","Percentage","0","Units",,,2.5,,
"USA","United States","L","L","TYS","TYs","REP_RATE","Representative sub-central rate","2006","2006","PC","Percentage","0","Units",,,2.5,,
"USA","United States","L","L","TYS","TYs","REP_RATE","Representative sub-central rate","2007","2007","PC","Percentage","0","Units",,,2.5,,
"USA","United States","L","L","TYS","TYs","REP_RATE","Representative sub-central rate","2008","2008","PC","Percentage","0","Units",,,2.5,,
"USA","United States","L","L","TYS","TYs","REP_RATE","Representative sub-central rate","2009","2009","PC","Percentage","0","Units",,,2.5,,
"USA","United States","L","L","TYS","TYs","REP_RATE","Representative sub-central rate","2010","2010","PC","Percentage","0","Units",,,2.5,,
"USA","United States","L","L","TYS","TYs","REP_RATE","Representative sub-central rate","2011","2011","PC","Percentage","0","Units",,,2.5,,
"USA","United States","L","L","TYS","TYs","REP_RATE","Representative sub-central rate","2012","2012","PC","Percentage","0","Units",,,2.45,,
"USA","United States","L","L","TYS","TYs","REP_RATE","Representative sub-central rate","2013","2013","PC","Percentage","0","Units",,,2.4,,
"USA","United States","L","L","TYS","TYs","REP_RATE","Representative sub-central rate","2014","2014","PC","Percentage","0","Units",,,2.4,,
"USA","United States","L","L","TYS","TYs","REP_RATE","Representative sub-central rate","2015","2015","PC","Percentage","0","Units",,,2.4,,
"USA","United States","L","L","TYS","TYs","REP_RATE","Representative sub-central rate","2016","2016","PC","Percentage","0","Units",,,2.4,,
"USA","United States","L","L","TYS","TYs","REP_RATE","Representative sub-central rate","2017","2017","PC","Percentage","0","Units",,,2.4,,
"USA","United States","L","L","TYS","TYs","REP_RATE","Representative sub-central rate","2018","2018","PC","Percentage","0","Units",,,2.4,,
"USA","United States","L","L","TYS","TYs","REP_RATE","Representative sub-central rate","2019","2019","PC","Percentage","0","Units",,,2.4,,
"USA","United States","L","L","TYS","TYs","REP_RATE","Representative sub-central rate","2020","2020","PC","Percentage","0","Units",,,2.4,,
"USA","United States","L","L","TYS","TYs","REP_RATE","Representative sub-central rate","2021","2021","PC","Percentage","0","Units",,,2.4,,
"USA","United States","L","L","TYS","TYs","REP_RATE","Representative sub-central rate","2022","2022","PC","Percentage","0","Units",,,2.4,,
"USA","United States","L","L","TYS","TYs","MAX_RATE","Maximum sub-central rate","2000","2000","PC","Percentage","0","Units",,,0,,
"USA","United States","L","L","TYS","TYs","MAX_RATE","Maximum sub-central rate","2001","2001","PC","Percentage","0","Units",,,0,,
"USA","United States","L","L","TYS","TYs","MAX_RATE","Maximum sub-central rate","2002","2002","PC","Percentage","0","Units",,,0,,
"USA","United States","L","L","TYS","TYs","MAX_RATE","Maximum sub-central rate","2003","2003","PC","Percentage","0","Units",,,0,,
"USA","United States","L","L","TYS","TYs","MAX_RATE","Maximum sub-central rate","2004","2004","PC","Percentage","0","Units",,,0,,
"USA","United States","L","L","TYS","TYs","MAX_RATE","Maximum sub-central rate","2005","2005","PC","Percentage","0","Units",,,0,,
"USA","United States","L","L","TYS","TYs","MAX_RATE","Maximum sub-central rate","2006","2006","PC","Percentage","0","Units",,,0,,
"USA","United States","L","L","TYS","TYs","MAX_RATE","Maximum sub-central rate","2007","2007","PC","Percentage","0","Units",,,0,,
